Workbook

Sheet Summary
A1: CrowBox - parts list and cost
A2: Model v2_3 + new files (Wiring_v2, FieldModules, JunctionBox_v2, Panels_v3). Prices are estimates in USD, Oct 2026.
A4: How to use
A5: Type Y in the yellow 'Have?' cells (Buy and Tooling tabs) for anything you already own, e.g. Y next to the MG996R servos. 'Still to buy' updates. Blue numbers are inputs you can change; black are formulas; green pull from another tab.
A7: Assumptions
A8: Fastener spare | C8: 0.1 | D8: added before rounding up to packs
A9: Cable spare | C9: 0.1 | D9: on top of route + inside-box + end slack
A10: Print waste | C10: 0.15 | D10: failed prints, supports, purge
A12: Cost by phase
A13: Phase | B13: What | C13: Total $ | D13: Still to buy $
A14: Build | B14: Everything to build and run the box now | C14: =SUMIF(Buy!$M$2:$M$109,"Build",Buy!$J$2:$J$109) -> 1306.8 | D14: =SUMIF(Buy!$M$2:$M$109,"Build",Buy!$L$2:$L$109) -> 1306.8
A15: Phase 5 | B15: Cellular (Notecard) | C15: =SUMIF(Buy!$M$2:$M$109,"Phase 5",Buy!$J$2:$J$109) -> 74 | D15: =SUMIF(Buy!$M$2:$M$109,"Phase 5",Buy!$L$2:$L$109) -> 74
A16: Phase 7 | B16: Coral accelerator (dropped 2026-10-17) | C16: =SUMIF(Buy!$M$2:$M$109,"Phase 7",Buy!$J$2:$J$109) -> 68 | D16: =SUMIF(Buy!$M$2:$M$109,"Phase 7",Buy!$L$2:$L$109) -> 68
A17: Phase 9 | B17: Solar: panel, tilt kit, controller, cable | C17: =SUMIF(Buy!$M$2:$M$109,"Phase 9",Buy!$J$2:$J$109) -> 138.97 | D17: =SUMIF(Buy!$M$2:$M$109,"Phase 9",Buy!$L$2:$L$109) -> 138.97
A18: Paused | B18: IR beam pairs | C18: =SUMIF(Buy!$M$2:$M$109,"Paused",Buy!$J$2:$J$109) -> 18 | D18: =SUMIF(Buy!$M$2:$M$109,"Paused",Buy!$L$2:$L$109) -> 18
A19: All parts | B19: Build + later phases + paused | C19: =SUM(C14:C18) -> 1605.77 | D19: =SUM(D14:D18) -> 1605.77
A20: Tooling (separate) | B20: see Tooling tab | C20: =Tooling!C23 -> 184 | D20: =Tooling!E23 -> 184
A21: Options (not in totals) | B21: clear polycarbonate front panel | C21: =SUMIF(Buy!$M$2:$M$109,"Option",Buy!$J$2:$J$109) -> 160
A22: Option: McMaster brackets | B22: 78 x 5537T935 at ~$5.50 instead of the generic kits | C22: =78*5.5-Buy!J3 -> 385 | F22: extra cost over the generic kits
A24: Build cost by section
A25: Section | C25: Total $ | D25: Still to buy $
A26: Frame | C26: =SUMIFS(Buy!$J$2:$J$109,Buy!$B$2:$B$109,"Frame",Buy!$M$2:$M$109,"Build") -> 195.8 | D26: =SUMIFS(Buy!$L$2:$L$109,Buy!$B$2:$B$109,"Frame",Buy!$M$2:$M$109,"Build") -> 195.8
A27: Fasteners | C27: =SUMIFS(Buy!$J$2:$J$109,Buy!$B$2:$B$109,"Fasteners",Buy!$M$2:$M$109,"Build") -> 176 | D27: =SUMIFS(Buy!$L$2:$L$109,Buy!$B$2:$B$109,"Fasteners",Buy!$M$2:$M$109,"Build") -> 176
A28: Wood & sheet | C28: =SUMIFS(Buy!$J$2:$J$109,Buy!$B$2:$B$109,"Wood & sheet",Buy!$M$2:$M$109,"Build") -> 124 | D28: =SUMIFS(Buy!$L$2:$L$109,Buy!$B$2:$B$109,"Wood & sheet",Buy!$M$2:$M$109,"Build") -> 124
A29: Cut service | C29: =SUMIFS(Buy!$J$2:$J$109,Buy!$B$2:$B$109,"Cut service",Buy!$M$2:$M$109,"Build") -> 94 | D29: =SUMIFS(Buy!$L$2:$L$109,Buy!$B$2:$B$109,"Cut service",Buy!$M$2:$M$109,"Build") -> 94
A30: Junction box | C30: =SUMIFS(Buy!$J$2:$J$109,Buy!$B$2:$B$109,"Junction box",Buy!$M$2:$M$109,"Build") -> 140 | D30: =SUMIFS(Buy!$L$2:$L$109,Buy!$B$2:$B$109,"Junction box",Buy!$M$2:$M$109,"Build") -> 140
A31: Vision box | C31: =SUMIFS(Buy!$J$2:$J$109,Buy!$B$2:$B$109,"Vision box",Buy!$M$2:$M$109,"Build") -> 82 | D31: =SUMIFS(Buy!$L$2:$L$109,Buy!$B$2:$B$109,"Vision box",Buy!$M$2:$M$109,"Build") -> 82
A32: Field modules | C32: =SUMIFS(Buy!$J$2:$J$109,Buy!$B$2:$B$109,"Field modules",Buy!$M$2:$M$109,"Build") -> 160 | D32: =SUMIFS(Buy!$L$2:$L$109,Buy!$B$2:$B$109,"Field modules",Buy!$M$2:$M$109,"Build") -> 160
A33: Power | C33: =SUMIFS(Buy!$J$2:$J$109,Buy!$B$2:$B$109,"Power",Buy!$M$2:$M$109,"Build") -> 68 | D33: =SUMIFS(Buy!$L$2:$L$109,Buy!$B$2:$B$109,"Power",Buy!$M$2:$M$109,"Build") -> 68
A34: Wiring | C34: =SUMIFS(Buy!$J$2:$J$109,Buy!$B$2:$B$109,"Wiring",Buy!$M$2:$M$109,"Build") -> 205 | D34: =SUMIFS(Buy!$L$2:$L$109,Buy!$B$2:$B$109,"Wiring",Buy!$M$2:$M$109,"Build") -> 205
A35: Filament | C35: =SUMIFS(Buy!$J$2:$J$109,Buy!$B$2:$B$109,"Filament",Buy!$M$2:$M$109,"Build") -> 44 | D35: =SUMIFS(Buy!$L$2:$L$109,Buy!$B$2:$B$109,"Filament",Buy!$M$2:$M$109,"Build") -> 44
A36: Install | C36: =SUMIFS(Buy!$J$2:$J$109,Buy!$B$2:$B$109,"Install",Buy!$M$2:$M$109,"Build") -> 18 | D36: =SUMIFS(Buy!$L$2:$L$109,Buy!$B$2:$B$109,"Install",Buy!$M$2:$M$109,"Build") -> 18
A37: Build total (check) | C37: =SUM(C26:C36) -> 1306.8 | D37: =SUM(D26:D36) -> 1306.8
A39: Key quantities
A40: 2020 extrusion | C40: =Cut!E32 -> 35 | D40: bars, from 15 x 1000 mm sticks
A41: Corner brackets | C41: =Buy!E3 -> 78 | D41: 70 in model + 8 roof
A42: M5 T-nuts (plus kit ones) | C42: =Buy!E4 -> 150 | D42: plus 2 per bracket in the kits
A43: M5 screws + bolts | C43: =SUMIF(Fasteners!$A$2:$A$41,"M5x*",Fasteners!$C$2:$C$41) -> 152 | D43: 8 / 10 / 12 / 16 / 20 / 25 / 50 / 75 mm - see Fasteners
A44: Cable runs | C44: =COUNTA(Wiring!A2:A20) -> 19 | D44: see Wiring; 13 end at the JB (1 reserved)
A45: Printed parts | C45: =SUM(Print!C2:C14) -> 17 | D45: see Print
A47: Tabs
A48: Buy | B48: everything to purchase, by section, with 'Have?'
A49: Print | B49: printed parts, material, settings, grams
A50: Cut | B50: SendCutSend parts, wood cut list, 2020 cut list
A51: Fasteners | B51: every screw by size and where it goes
A52: Wiring | B52: 19 cable runs: type, conductors, gland, length
A53: Glands | B53: which cable goes in which gland hole
A54: Tooling | B54: tools, '?' where unsure
A55: Unmodeled | B55: what's not in the model and whether it needs to be
A56: Doc check | B56: electronics doc vs the model
A57: Model fixes | B57: things to fix in Fusion

Sheet Fasteners
A1: Key (size) | B1: Used on | C1: Qty | D1: Goes into | E1: Why this length (clamped stack -> screw)
A2: M5x8 BHCS | B2: Pit light ring -> pit top bars | C2: 4 | D2: M5 T-nut | E2: ring lip 2.5 + washer 1 = 3.5 -> 8. M5x10 would hit the extrusion core.
A3: M5x8 BHCS | B3: Vision box ears -> reward crossbars (drill ears 4.5 -> 5.5 mm) | C3: 4 | D3: M5 T-nut | E3: ear 4 -> 8
A4: M5x10 BHCS | B4: Bottom plate -> vision crossbar (back row) | C4: 6 | D4: M5 T-nut | E4: plate 4.75 (0.187in) -> 10
A5: M5x10 BHCS | B5: Bottom plate -> front bar (X -100, -170, +170) | C5: 3 | D5: M5 T-nut | E5: plate 4.75 -> 10. No shims needed with the 0.187in plate.
A6: M5x10 BHCS | B6: Chute bracket 35 deg -> bars | C6: 4 | D6: M5 T-nut | E6: 5 mm base -> 10. Not M5x12: it bottoms out in the slot.
A7: M5x10 BHCS | B7: Chute -> chute bracket | C7: 4 | D7: M5 hex nut in the bracket's side slots
A8: M5x12 BHCS | B8: Side panels -> posts + side bars (16 per side) | C8: 32 | D8: M5 T-nut | E8: 6 mm ply + washer 1 -> 12
A9: M5x12 BHCS | B9: Back panel -> posts + bars | C9: 20 | D9: M5 T-nut | E9: 6 mm ply + washer 1 -> 12
A10: M5x12 BHCS | B10: Roof plywood -> top bars | C10: 11 | D10: M5 T-nut | E10: 6 mm ply + washer 1 -> 12
A11: M5x12 BHCS | B11: Bay floor -> bars | C11: 13 | D11: M5 T-nut | E11: 6 mm ply + washer 1 -> 12
A12: M5x12 BHCS | B12: Battery shelf -> bottom side bars (new holes) | C12: 4 | D12: M5 T-nut | E12: 6 mm ply + washer 1 -> 12
A13: M5x12 BHCS | B13: PIR housing -> bottom plate -> front bar (no washer) | C13: 2 | D13: M5 T-nut | E13: housing floor 3 + plate 4.75 -> 12
A14: M5x16 BHCS | B14: Front panel through 5 mm standoffs (18 holes minus 4 perch) | C14: 14 | D14: M5 T-nut | E14: 6 ply + 5 spacer + washer 1 -> 16
A15: M5x16 BHCS | B15: Solar tilt-kit feet -> roof -> top bars | C15: 4 | D15: M5 T-nut | E15: 3 foot + 6 ply + washer 1 -> 16
A16: M5x16 BHCS | B16: Signal pod -> plate -> front bar (replaces the M5x10 at X +100) | C16: 1 | D16: M5 T-nut | E16: pod floor 6 + plate 4.75 -> 16
A17: M5x16 BHCS | B17: Junction box top flange -> back panel -> bay back bar | C17: 2 | D17: M5 T-nut | E17: flange 5 + ply 6 + washer 1 -> 16
A18: M5x16 BHCS | B18: Gate actuator rear mounts -> front posts (?) | C18: 2 | D18: M5 T-nut (5278N43 in model) | E18: verify against your actuator mount
A19: M5x20 BHCS | B19: Junction box bottom flange -> back panel (no bar behind) | C19: 2 | D19: M5 nyloc + washers inside | E19: flange 5 + ply 6 + 2 washers + nyloc -> 20
... A26: M5 fender washer | B26: Legs (12) + skirt bolts (2 each) | C26: 20 | D26: - | E26: 5.3 x 20 mm, spreads load on the 2x2
A27: M5 nyloc | B27: JB bottom bolts 2 + skirt bolts 4 | C27: 6 | D27: -
A28: M5 hex nut | B28: Chute -> chute bracket | C28: 4 | D28: - | E28: fits the bracket's side-entry slots
A29: M5 spacer 5mm | B29: Front panel standoffs | C29: 18 | D29: - | E29: unthreaded, 5 mm long, ~10 mm OD
A30: M4x16 BHCS | B30: Reward load cell fixed end (through plate + 5 mm spacer) | C30: 2 | D30: load cell M4 thread | E30: plate 4.75 + spacer 5 -> 16 (6 mm thread engagement)
A31: M4x16 BHCS | B31: Solar charge controller -> battery shelf | C31: 2 | D31: M4 nyloc | E31: controller tab + 6 ply + washers + nut
A32: M4x20 BHCS | B32: Reward tray -> load cell (through 11 mm spacers) | C32: 2 | D32: load cell M4 thread | E32: tray 2 + spacer 11 -> 20 (7 mm engagement)
A33: M4x20 BHCS | B33: Hopper cradles -> bay floor (2 per cradle) | C33: 6 | D33: M4 nyloc | E33: foot 5 + ply 6 + 2 washers + nyloc -> 20
A34: M4 nyloc | B34: Cradles 6 + controller 2 | C34: 8 | D34: -
A35: M4 washer | B35: Load cell 4 + cradles 12 + controller 4 | C35: 20 | D35: -
A36: Spacer M4x11 | B36: Tray -> load cell (McMaster 92871A311) | C36: 2 | D36: - | E36: as modeled
A37: Spacer M4x5 | B37: Load cell fixed end (McMaster 92871A008) | C37: 2 | D37: - | E37: as modeled
A38: #8x2-1/2 wood | B38: Ground aprons + raised front apron -> legs (2 per joint) | C38: 16 | D38: 2x2 | E38: exterior coated; pre-drill
A39: #8x1-1/4 wood | B39: 1x2 diagonals -> legs/aprons (2 per end) | C39: 12 | D39: 2x2 | E39: exterior coated; pre-drill
A40: #6x5/8 wood | B40: Skirt corner cleats (2 per panel per cleat) | C40: 16 | D40: 3/4in cleat
A41: #6x3/4 wood | B41: Perch rod lock screws | C41: 4 | D41: 1-1/4in dowel | E41: through the printed arm into the rod
A43: Brackets: each of the 78 corner brackets also uses 2 x M5x10 (or M5x8 for <=3.5 mm brackets) + 2 T-nuts, included in the bracket kits on the Buy tab.
A44: Length rule for 2020 drop-in T-nuts: screw length = clamped thickness + 4 to 6 mm. Longer screws hit the extrusion core before they clamp.

Sheet Wiring
A1: ID | B1: Run | C1: From | D1: To | E1: Buy as | F1: Type key | G1: Cond. | H1: AWG | I1: OD mm | J1: Gland / hole | K1: Route in model (mm) | L1: Inside box (mm) | M1: End slack (mm) | N1: Buy length (m) | O1: Conductor map | P1: Notes
A2: W01 | B2: Doser servo 1 | C2: MG996R on cradle 1 | D2: JB G1 (upper-right hole) | E2: 3-core 22 AWG round | F2: 3C22 | G2: 3 | H2: 22 | I2: 4.2 | J2: G1-UR | K2: 740 | L2: 250 | M2: 150 | N2: =ROUNDUP((K2+L2+M2)*(1+Summary!$C$9)/100,0)/10 -> 1.3 | O2: Black/brown GND -> GND bus; red +6 V servo rail; white/orange PWM -> ESP32 GPIO | P2: Servo plug mates with a 3-pin 2.54 mm male header soldered to the cable end; heat-shrink + zip tie. Down through the left bay-floor hole.
A3: W02 | B3: Doser servo 2 | C3: MG996R on cradle 2 | D3: JB G1 (lower-right) | E3: 3-core 22 AWG round | F3: 3C22 | G3: 3 | H3: 22 | I3: 4.2 | J3: G1-LR | K3: 598 | L3: 250 | M3: 150 | N3: =ROUNDUP((K3+L3+M3)*(1+Summary!$C$9)/100,0)/10 -> 1.1 | O3: as W01 | P3: Left bay-floor hole.
A4: W03 | B4: Doser servo 3 | C4: MG996R on cradle 3 | D4: JB G3 (upper-left) | E4: 3-core 22 AWG round | F4: 3C22 | G4: 3 | H4: 22 | I4: 4.2 | J4: G3-UL | K4: 602 | L4: 250 | M4: 150 | N4: =ROUNDUP((K4+L4+M4)*(1+Summary!$C$9)/100,0)/10 -> 1.2 | O4: as W01 | P4: Right bay-floor hole.
A5: W04 | B5: IR beam pairs x3 (PAUSED) | C5: Bay floor, behind cradle 2 | D5: JB G1 (upper-left) | E5: 6-core 24 AWG round | F5: 6C24 | G5: 6 | H5: 24 | I5: 4.8 | J5: G1-UL | K5: 460 | L5: 250 | M5: 600 | N5: =ROUNDUP((K5+L5+M5)*(1+Summary!$C$9)/100,0)/10 -> 1.5 | O5: +5 V, GND, OUT1, OUT2, OUT3 -> MCP23017 inputs, 1 spare | P5: Paused: buy later. One shared cable instead of 3. 600 mm end slack = branches to the 3 hoppers. Plug the gland hole until then.
A6: W05 | B6: Gate actuator L | C6: Actuator L (bottom end) | D6: JB G1 (lower-left) | E6: 2-core 20 AWG round | F6: 2C20 | G6: 2 | H6: 20 | I6: 4.3 | J6: G1-LL | K6: 743 | L6: 250 | M6: 150 | N6: =ROUNDUP((K6+L6+M6)*(1+Summary!$C$9)/100,0)/10 -> 1.3 | O6: Red/black -> L298N OUT1/OUT2 | P6: Butt-splice to the actuator leads with adhesive heat-shrink.
A7: W06 | B7: Gate actuator R | C7: Actuator R (bottom end) | D7: JB G3 (lower-right) | E7: 2-core 20 AWG round | F7: 2C20 | G7: 2 | H7: 20 | I7: 4.3 | J7: G3-LR | K7: 733 | L7: 250 | M7: 150 | N7: =ROUNDUP((K7+L7+M7)*(1+Summary!$C$9)/100,0)/10 -> 1.3 | O7: Red/black -> L298N OUT3/OUT4 | P7: as W05
A8: W07 | B8: Signal pod (3 LEDs + buzzer) | C8: Signal pod behind PIR slot | D8: JB G3 (lower-left) | E8: 6-core 24 AWG round | F8: 6C24 | G8: 6 | H8: 24 | I8: 4.8 | J8: G3-LL | K8: 602 | L8: 250 | M8: 150 | N8: =ROUNDUP((K8+L8+M8)*(1+Summary!$C$9)/100,0)/10 -> 1.2 | O8: LED green, LED red, LED blue (330 ohm each, resistors in the JB) -> MCP23017; BUZ -> ESP32 PWM pin; +5 V; GND | P8: Drops down the gap behind the front panel, runs back under the front bar at Z 248.
A9: W08 | B9: Vision box link | C9: Vision box (PG9, back wall) | D9: JB G4 | E9: Cat6 stranded patch cable (8 x 24 AWG) | F9: CAT6 | G9: 8 | H9: 24 | I9: 6 | J9: G4 | K9: 287 | L9: 350 | M9: 100 | N9: =ROUNDUP((K9+L9+M9)*(1+Summary!$C$9)/100,0)/10 -> 0.9 | O9: Orange +12 V; wht/org GND; green ESP32 TX -> P4 RX; wht/grn P4 TX -> ESP32 RX; blue PIR out; wht/blu GND; brown HX711 SCK; wht/brn HX711 DOUT | P9: 12 V (not 5 V) goes over the cable; a mini buck in the vision box makes 5 V for the ESP32-P4 board and the PIR. The reward HX711 runs off the P4 board's 3.3 V pin. 8 conductors are enough. Cut both RJ45 plugs off.
A10: W09 | B10: Trapdoor servo | C10: MG996R in pit servo mount | D10: JB G2 (lower-left) | E10: 3-core 22 AWG round | F10: 3C22 | G10: 3 | H10: 22 | I10: 4.2 | J10: G2-LL | K10: 1051 | L10: 250 | M10: 150 | N10: =ROUNDUP((K10+L10+M10)*(1+Summary!$C$9)/100,0)/10 -> 1.6 | O10: as W01 | P10: Up the back-left corner through the battery-shelf notch.
A11: W10 | B11: Pit load cell | C11: Pit load cell (on the trapdoor) | D11: HX711 #2 in JB, G2 (upper-left) | E11: 4-core 24 AWG shielded (foil + drain) | F11: 4C24S | G11: 4 | H11: 24 | I11: 4.6 | J11: G2-UL | K11: 1174 | L11: 250 | M11: 250 | N11: =ROUNDUP((K11+L11+M11)*(1+Summary!$C$9)/100,0)/10 -> 1.9 | O11: Red E+, black E-, green A+, white A- (match the cell's colors); drain -> HX711 GND at the JB end only | P11: Leave a 10 cm service loop where it leaves the moving trapdoor (included in the 250 mm end slack). Shielded because it runs next to the solenoid and servo leads.
A12: W11 | B12: Trapdoor solenoid | C12: Solenoid (+X end) | D12: JB G2 (lower-right) | E12: 2-core 20 AWG round | F12: 2C20 | G12: 2 | H12: 20 | I12: 4.3 | J12: G2-LR | K12: 1093 | L12: 250 | M12: 150 | N12: =ROUNDUP((K12+L12+M12)*(1+Summary!$C$9)/100,0)/10 -> 1.7 | O12: Red +12 V; black -> MOSFET module OUT- | P12: 1N4007 across the coil (band to +), at the solenoid.
A13: W12 | B13: Pit light ring | C13: COB strip on the light ring (through lining hole) | D13: JB G2 (upper-right) | E13: 2-core 20 AWG round | F13: 2C20 | G13: 2 | H13: 20 | I13: 4.3 | J13: G2-UR | K13: 971 | L13: 250 | M13: 150 | N13: =ROUNDUP((K13+L13+M13)*(1+Summary!$C$9)/100,0)/10 -> 1.6 | O13: Red +12 V; black -> MOSFET module OUT- | P13: 12 V COB strip, ~45 cm.
... A17: W15b | B17: Fuse 1 to controller BAT+ | C17: Fuse 1 holder | D17: Controller BAT+ | E17: 16 AWG red | F17: 16AWG | G17: 1 | H17: 16 | I17: 3.2 | J17: - | K17: 122 | L17: 0 | M17: 100 | N17: =ROUNDUP((K17+L17+M17)*(1+Summary!$C$9)/100,0)/10 -> 0.3 | O17: + | P17: Until Phase 9: fuse 1 feeds W13 directly.
A18: W16 | B18: Battery - to controller BAT- | C18: Battery - (F2 spade) | D18: Controller BAT- | E18: 16 AWG black | F18: 16AWG | G18: 1 | H18: 16 | I18: 3.2 | J18: - | K18: 167 | L18: 0 | M18: 100 | N18: =ROUNDUP((K18+L18+M18)*(1+Summary!$C$9)/100,0)/10 -> 0.3 | O18: -
A19: W17 | B19: PIR | C19: AM312 header (back of PIR housing) | D19: Vision box PG7 #1 (front) | E19: 3-core 22 AWG round | F19: 3C22 | G19: 3 | H19: 22 | I19: 4.2 | J19: VB PG7-1 | K19: 81 | L19: 100 | M19: 100 | N19: =ROUNDUP((K19+L19+M19)*(1+Summary!$C$9)/100,0)/10 -> 0.4 | O19: VCC (+5 V from vision-box buck), GND, OUT | P19: Through the bottom plate's 8 mm hole at (0, -80). Dupont 3-pin housing at the PIR.
A20: W18 | B20: Reward load cell | C20: Load cell fixed end | D20: HX711 #1 in vision box, PG7 #2 (front) | E20: cell's own 4 leads in heat-shrink | F20: STOCK | G20: 4 | H20: 30 | I20: 3.5 | J20: VB PG7-2 | K20: 111 | L20: 100 | M20: 50 | N20: =ROUNDUP((K20+L20+M20)*(1+Summary!$C$9)/100,0)/10 -> 0.3 | O20: Red E+, black E-, green A+, white A- | P20: Stock leads (~20 cm) just reach; extend with 4-core shielded leftovers if short. Through the plate's 8 mm hole at (-75, -60).
A22: Buy length = (route + inside-box run + end slack) x (1 + cable spare on Summary), rounded up to 0.1 m. Route lengths are measured along the modeled tubes in CrowBox_Wiring_v2.step.
A24: Totals by cable type
E25: Type key | F25: Buy as | G25: Total (m)
E26: 3C22 | F26: 3-core 22 AWG round | G26: =SUMIF($F$2:$F$20,"3C22",$N$2:$N$20) -> 5.6
E27: 2C20 | F27: 2-core 20 AWG round | G27: =SUMIF($F$2:$F$20,"2C20",$N$2:$N$20) -> 5.9
E28: 6C24 | F28: 6-core 24 AWG round | G28: =SUMIFS($N$2:$N$20,$F$2:$F$20,"6C24",$A$2:$A$20,"<>W04") -> 1.2
E29: 4C24S | F29: 4-core 24 AWG shielded | G29: =SUMIF($F$2:$F$20,"4C24S",$N$2:$N$20) -> 1.9
E30: CAT6 | F30: Cat6 stranded patch | G30: =SUMIF($F$2:$F$20,"CAT6",$N$2:$N$20) -> 0.9
E31: 2C16 | F31: 2-core 16 AWG round | G31: =SUMIF($F$2:$F$20,"2C16",$N$2:$N$20) -> 1.3
E32: 2C18UV | F32: 2-core 18 AWG UV (solar) | G32: =SUMIF($F$2:$F$20,"2C18UV",$N$2:$N$20) -> 1.3
E33: 16AWG | F33: 16 AWG red/black | G33: =SUMIF($F$2:$F$20,"16AWG",$N$2:$N$20) -> 0.8
E34: 6C24 (W04) | F34: 6-core for the paused IR run | G34: =SUMIFS($N$2:$N$20,$A$2:$A$20,"W04") -> 1.5

Sheet Glands
A1: Where | B1: Gland | C1: Hole / insert position | D1: Cable | E1: Position (model, mm) | F1: Drill | G1: Notes
A2: Junction box back face | B2: G1 PG16, 4-hole insert (4 x 5 mm) | C2: upper-left | D2: W04 IR beams (PAUSED - plug it) | E2: X -41, Z 360 | F2: 22.5-23 mm | G2: All JB glands sit in one low row so the mounting plate keeps the top 2/3 of the box.
C3: upper-right | D3: W01 doser servo 1
C4: lower-left | D4: W05 gate actuator L
C5: lower-right | D5: W02 doser servo 2
A6: Junction box back face | B6: G2 PG16, 4-hole insert (4 x 5 mm) | C6: upper-left | D6: W10 pit load cell (shielded) | E6: X -5, Z 360 | F6: 22.5-23 mm
C7: upper-right | D7: W12 pit light ring
C8: lower-left | D8: W09 trapdoor servo
C9: lower-right | D9: W11 solenoid
A10: Junction box back face | B10: G3 PG16, 4-hole insert (4 x 5 mm) | C10: upper-left | D10: W03 doser servo 3 | E10: X 31, Z 360 | F10: 22.5-23 mm
C11: upper-right | D11: spare (plug it)
C12: lower-left | D12: W07 signal pod
C13: lower-right | D13: W06 gate actuator R
A14: Junction box back face | B14: G4 PG9 (4-8 mm) | C14: single | D14: W08 vision box Cat6 | E14: X -23, Z 395 | F14: 15.5 mm
A15: Junction box back face | B15: G5 PG9 (4-8 mm) | C15: single | D15: W13 12 V power in | E15: X 13, Z 395 | F15: 15.5 mm | G15: 16/2 cable must be <= 7.5 mm OD.
A16: Back panel | B16: gland window 106 x 65, r6 corners | C16: - | D16: all of the above | E16: X -58..48, Z 343..408 | F16: jigsaw | G16: Replaces the four separate 34/26 mm holes (they would leave 2 mm webs). Run a bead of neutral-cure silicone around the JB back face.
A17: Vision box front wall | B17: PG7 #1 | C17: single | D17: W17 PIR | E17: X +12, Z 262 | F17: 12.5-13 mm | G17: Drill the base walls, never the lid.
A18: Vision box front wall | B18: PG7 #2 | C18: single | D18: W18 reward load cell leads | E18: X -12, Z 262 | F18: 12.5-13 mm | G18: 4 thin leads: slide a heat-shrink sleeve over them so the seal grips.
A19: Vision box back wall | B19: PG9 | C19: single | D19: W08 Cat6 | E19: X -25, Z 258 | F19: 15.5 mm
A20: Roof | B20: PG7 (already modeled) | C20: single | D20: W14 solar | E20: X 205, Y 250 | F20: 12.5-13 mm | G20: Phase 9.
A21: Bay floor, back-left | B21: 16 mm hole (no grommet) | C21: - | D21: W01, W02, W04 | E21: X -208, Y 250 | F21: 16 mm | G21: Rubber grommets don't fit 6 mm ply; sand the edge and wrap the cables with split loom at the hole.
A22: Bay floor, back-right | B22: 16 mm hole (no grommet) | C22: - | D22: W03, W14 | E22: X 208, Y 250 | F22: 16 mm
A23: Bottom plate | B23: 8 mm holes (already modeled) | C23: - | D23: W17 at (0,-80), W18 at (-75,-60) | F23: 8 mm | G23: Deburr; heat-shrink sleeve on the cable where it passes.
A24: Battery shelf notches | B24: back-left / back-right | C24: - | D24: left: W09, W10 right: W11, W12 | F24: - | G24: Pit cables go under the shelf and rise through the corner notches.
A26: Multi-hole inserts seal 4.5-5.5 mm cable. Build up thinner cable (the 4.2 mm servo cable) with one layer of heat-shrink where it passes the seal. Plug unused holes with a 5 mm rod or a short M5 screw.

Sheet Print
A1: Part | B1: Source | C1: Qty | D1: Material | E1: Color | F1: Solid vol each (cm3) | G1: Density (g/cm3) | H1: Fill factor | I1: Grams (all) | J1: Size (mm) | K1: How to print | L1: Status | M1: Notes
A2: Signal pod (LEDs + buzzer) | B2: CrowBox_SignalPod_print.step (new) | C2: 1 | D2: ASA | E2: black | F2: 25.1 | G2: 1.07 | H2: 0.85 | I2: =C2*F2*G2*H2 -> 22.82845 | J2: 58 x 53 x 22 | K2: Stand it on the nose tip (front face down): LED bores vertical, no supports. 3 walls, 30%. | L2: Modeled (new) | M2: Nose sits in the PIR slot, so it gets sun: ASA.
A3: Perch bracket L | B3: CrowBox_Perch_D.step | C3: 1 | D3: ASA | E3: any | F3: 219.3 | G3: 1.07 | H3: 0.55 | I3: =C3*F3*G3*H3 -> 129.05805 | J3: 46 x 139 x 165 | K3: On its outer side face so the rod holes print vertical. 4 walls, 30% gyroid. | L3: Modeled | M3: Outside, in the sun, carries the crow: ASA.
A4: Perch bracket R | B4: CrowBox_Perch_D.step | C4: 1 | D4: ASA | E4: any | F4: 219.3 | G4: 1.07 | H4: 0.55 | I4: =C4*F4*G4*H4 -> 129.05805 | J4: 46 x 139 x 165 | K4: as L | L4: Modeled
A5: Chute bracket 35 deg | B5: CrowBox_ChuteBracket_35deg.step | C5: 1 | D5: PETG | E5: any | F5: 67.4 | G5: 1.27 | H5: 0.6 | I5: =C5*F5*G5*H5 -> 51.3588 | J5: 100 x 160 x 116 | K5: Base down. 3 walls, 25%. | L5: Modeled | M5: Inside the box: PETG is fine.
A6: Pit light ring | B6: CrowBox_PitLining_LightRing.step | C6: 1 | D6: PETG | E6: white | F6: 92.6 | G6: 1.27 | H6: 0.6 | I6: =C6*F6*G6*H6 -> 70.5612 | J6: 180 x 180 x 18.5 | K6: Lip down. 3 walls, 20%. | L6: Modeled | M6: White reflects the strip's light into the pit.
A7: PIR housing v2 | B7: CrowBox_PIR_Housing_v2.step (your part) | C7: 1 | D7: PETG | E7: black | F7: 12.3 | G7: 1.27 | H7: 0.9 | I7: =C7*F7*G7*H7 -> 14.0589 | J7: 91 x 30 x 25 | K7: Floor down. | L7: Modeled | M7: Lower it 0.8 mm in the model (it floats above the plate).
A8: Hopper cradle | B8: your Cradle part | C8: 3 | D8: PETG | E8: any | F8: 35.7 | G8: 1.27 | H8: 0.85 | I8: =C8*F8*G8*H8 -> 115.61445 | J8: 93 x 68 x 100 | K8: Foot down. | L8: Modeled | M8: Servo holes are 2.5 mm: use the MG996R's own screws.
A9: Doser rotor (60 mm notched) | B9: rotor_60mm.step (earlier draft) | C9: 3 | D9: PETG | E9: any | F9: 99.8 | G9: 1.27 | H9: 0.55 | I9: =C9*F9*G9*H9 -> 209.1309 | J9: 60 x 60 x 38 | K9: Servo face down. 4 walls, 40%. | L9: NOT in the assembly | M9: Re-check against the MG996R shaft position (Z ~612) before printing.
A10: Pit servo mount | B10: your servo_mount part | C10: 1 | D10: PETG | E10: any | F10: 108.4 | G10: 1.27 | H10: 0.55 | I10: =C10*F10*G10*H10 -> 75.7174 | J10: 74 x 49 x 36 | L10: Modeled
A11: Solenoid mount | B11: your solenoid_mount part | C11: 1 | D11: PETG | E11: any | F11: 15.5 | G11: 1.27 | H11: 0.9 | I11: =C11*F11*G11*H11 -> 17.7165 | J11: 54 x 44 x 22 | L11: Modeled
A12: Trapdoor frame (?) | B12: your Trapdoor part | C12: 1 | D12: PETG | E12: any | F12: 150.8 | G12: 1.27 | H12: 0.55 | I12: =C12*F12*G12*H12 -> 105.3338 | J12: 218 x 148 x 30 | K12: Needs a 220+ mm bed. | L12: Modeled | M12: Print or cut? - your call.
A13: Trapdoor top plate (?) | B13: your top_door part | C13: 1 | D13: PETG | E13: any | F13: 172.9 | G13: 1.27 | H13: 0.5 | I13: =C13*F13*G13*H13 -> 109.7915 | J13: 148 x 148 x 8 | L13: Modeled | M13: Could be 6 mm ply or acrylic instead.
A14: Chute (?) | B14: your Chute_new part | C14: 1 | D14: PETG | E14: any | F14: 44.7 | G14: 1.27 | H14: 0.95 | I14: =C14*F14*G14*H14 -> 53.93055 | J14: 105 x 372 x 204 | K14: Too long for most beds (~424 mm along the slope). | L14: Modeled | M14: Split in 2 halves, or bend it from 0.040in 5052 at SendCutSend.
A16: Filament totals
A17: PETG | H17: grams: | I17: =SUMIF($D$2:$D$14,"PETG",$I$2:$I$14)*(1+Summary!$C$10) -> 946.6961 | J17: 1 kg spools: | K17: =ROUNDUP(I17/1000,0) -> 1
A18: ASA | H18: grams: | I18: =SUMIF($D$2:$D$14,"ASA",$I$2:$I$14)*(1+Summary!$C$10) -> 323.08623 | J18: 1 kg spools: | K18: =ROUNDUP(I18/1000,0) -> 1
A20: Grams = qty x solid volume x density x fill factor (fill factor ~0.5-0.6 for chunky parts at 3-4 walls / 25-40% infill, ~0.85-0.95 for thin-walled parts) x (1 + print-waste allowance on Summary). No PLA: it creeps in summer sun.

Sheet Cut
A1: Part | B1: Material / stock | C1: Thickness | D1: Finished size (mm) | E1: Qty | F1: Process | G1: Source file | H1: Notes
A2: A. SendCutSend (order these cut) - cost is on the Buy tab
A3: Reward tray | B3: 5052-H32 aluminum | C3: 0.080" (2.03 mm) | D3: 376 x 79 x 50 (bent) | E3: 1 | F3: laser + 3 bends | G3: CrowBox_RewardTray_5052_0p080_v2.step | H3: As modeled.
A4: Reward bottom plate | B4: 5052-H32 aluminum | C4: 0.187" (4.75 mm) | D4: 450 x 95 | E4: 1 | F4: laser | G4: CrowBox_RewardBottomPlate_v3.step | H4: SCS has no 4 mm 5052. Order 0.187in: top stays at Z 280, the extra 0.75 mm goes down, gap to the front bar drops to 0.25 mm, so skip the 1 mm shims.
A5: Gate | B5: Polycarbonate (clear) | C5: 0.177" (4.5 mm) | D5: 457.7 x 95 | E5: 1 | F5: CNC routed | G5: export from your Gate body | H5: Model is 4 mm; SCS polycarbonate comes in 3.0 / 4.5 / 5.6 mm. 4.5 mm still slides in the 6.2 mm slots.
A6: OPTION: clear front panel | B6: Polycarbonate (clear) | C6: 0.220" (5.6 mm) | D6: 502 x 1100 | E6: 1 | F6: CNC routed | G6: FrontPanel_6mm in Panels_v3 | H6: Only if you go clear. Fits SCS's 30 x 44 in limit. Keep the PIR slot open; paint/opaque film over the pit zone.
A8: B. Wood (cut at home or have the store rip the sheets)
A9: Side panel L / R | B9: Sheet A: 1/4in exterior ply 4x8 | C9: 6 mm | D9: 425 x 1100 | E9: 2 | F9: circular saw + drill | G9: CrowBox_Panels_v3.step | H9: Sheet A row 1: side + back; row 2: side + front (1100 along the 8 ft side).
A10: Back panel | B10: Sheet A | C10: 6 mm | D10: 490 x 1100 | E10: 1 | F10: saw + jigsaw (gland window) | G10: CrowBox_Panels_v3.step | H10: v3: gland window 106 x 65 behind the JB; JB mount holes; no Z 360 holes.
A11: Front panel | B11: Sheet A | C11: 6 mm | D11: 502 x 1100 | E11: 1 | F11: saw + jigsaw (3 windows) | G11: CrowBox_Panels_v3.step | H11: Windows: reward 160 x 44, PIR slot 190 x 16, object 120 x 60.
A12: Roof | B12: Sheet B: 1/4in ply 2x4 project panel | C12: 6 mm | D12: 522 x 452 | E12: 1 | F12: saw + drill | G12: CrowBox_Roof_Solar.step | H12: Sheet B along the 4 ft side: roof 452 + bay floor 418 + shelf 148 = 1018 mm.
A13: Bay floor v2 | B13: Sheet B | C13: 6 mm | D13: 486 x 418 | E13: 1 | F13: saw + jigsaw (chute slot) | G13: CrowBox_BayFloor_v2.step
A14: Battery shelf v2 | B14: Sheet B | C14: 6 mm | D14: 486 x 148 | E14: 1 | F14: saw + jigsaw (notches, strap slots) | G14: CrowBox_FieldModules.step | H14: v2 adds 4 x M5 holes into the bottom side bars + 2 x M4 for the controller.
A15: Pit lining | B15: 1/8in tempered hardboard 2x4 | C15: 3 mm | D15: 150 x 150 (2), 144 x 150 (2) | E15: 4 | F15: saw | G15: CrowBox_PitLining_LightRing.step | H15: Paint matte light grey. VHB to the pit bars.
A16: Legs | B16: 2x2 x 8 ft pressure-treated (38 x 38) | C16: - | D16: 38 x 38 x 960 | E16: 4 | F16: miter saw | G16: CrowBox_Legs_v2.step | H16: Boards 1-2: 960 + 960 + 502 each; board 3: 362 + 362.
A17: Ground aprons L / R | B17: 2x2 PT | C17: - | D17: 38 x 38 x 362 | E17: 2 | F17: miter saw | G17: CrowBox_Legs_v2.step
A18: Ground apron back + raised front apron | B18: 2x2 PT | C18: - | D18: 38 x 38 x 502 | E18: 2 | F18: miter saw | G18: CrowBox_Legs_v2.step
A19: Diagonals L / R | B19: 1x2 x 8 ft (19 x 38) | C19: - | D19: ~660 (angle-cut to fit) | E19: 2 | F19: miter saw | G19: CrowBox_Legs_v2.step | H19: One 8 ft 1x2 gives 660 + 660 + 750 + scrap.
A20: Diagonal back | B20: 1x2 | C20: - | D20: ~750 (angle-cut to fit) | E20: 1 | F20: miter saw | G20: CrowBox_Legs_v2.step
A21: Skirt corner cleats | B21: 3/4in square dowel | C21: - | D21: 19 x 19 x 90 | E21: 4 | F21: saw | G21: CrowBox_Panels_v3.step
A22: Perch rods | B22: 1-1/4" hardwood dowel (31.75 mm) | C22: - | D22: 525 | E22: 2 | F22: saw | G22: CrowBox_Perch_D.step | H22: Not a 1-5/16in closet pole: it won't fit the printed brackets.
A24: C. 2020 extrusion cut list (from 1000 mm sticks, 3 mm kerf)
A25: Length (mm) | B25: Where | E25: Qty | F25: Total (mm)
A26: 1000 | B26: posts | E26: 4 | F26: =A26*E26 -> 4000
A27: 490 | B27: full-width crossbars (bottom front/back, reward level x3) | E27: 5 | F27: =A27*E27 -> 2450
A28: 450 | B28: between-post bars (reward back, bay x2, roof front/back) | E28: 5 | F28: =A28*E28 -> 2250
A29: 380 | B29: side bars (bottom, reward, bay, roof) x2 sides | E29: 8 | F29: =A29*E29 -> 3040
A30: 170 | B30: pit corner verticals | E30: 4 | F30: =A30*E30 -> 680
A31: 150 | B31: pit top/bottom rings + 1 under the solenoid side | E31: 9 | F31: =A31*E31 -> 1350
A32: Total | E32: =SUM(E26:E31) -> 35 | F32: =SUM(F26:F31) -> 13770
A33: 1000 mm sticks needed | E33: 15 | F33: Plan: 4 x [1000]; 2 x [490+490]; [490+450]; 2 x [450+450]; 2 x [380+380+170]; 2 x [380+380+150]; [170+170+150x4]; [150x3]
A34: Counts are after removing the duplicate pit bars in the model (see Model fixes): 4 x 150 removed. Square, deburred ends matter more than exact length; a miter saw with a non-ferrous blade, or order cut-to-length.

Sheet Buy
A1: ID | B1: Section | C1: Item | D1: Spec / part no. | E1: Need | F1: Unit | G1: Pack size | H1: Packs | I1: $ / pack (est.) | J1: Line $ | K1: Have? (Y = received, O = ordered) | L1: Still to buy $ | M1: Phase | N1: Used for | O1: Notes / price basis
A2: F01 | B2: Frame | C2: 2020 T-slot extrusion, 1000 mm | D2: 20x20, 6 mm slot (M5), 10-pack | E2: =Cut!$E$33 -> 15 | F2: sticks | G2: 10 | H2: =ROUNDUP(E2/G2,0) -> 2 | I2: 66.9 | J2: =H2*I2 -> 133.8 | K2: O | L2: =IF(OR(UPPER(K2)="Y",UPPER(K2)="O"),0,J2) -> 133.8 | M2: Build | N2: 35 bars, cut list on Cut tab | O2: VEVOR 10 x 1000 mm, vevor.com $65.90-66.90 (Oct 2026). Or order cut-to-length.
A3: F02 | B3: Frame | C3: 2020 corner bracket kit | D3: cast 20x28x28 ('2028') with M5 screws + T-nuts, 40 sets | E3: 78 | F3: brackets | G3: 40 | H3: =ROUNDUP(E3/G3,0) -> 2 | I3: 22 | J3: =H3*I3 -> 44 | K3: Y | L3: =IF(OR(UPPER(K3)="Y",UPPER(K3)="O"),0,J3) -> 44 | M3: Build | N3: 70 positions in the model + 8 under the roof top bars | O3: Model uses McMaster 5537T935 (~$5-6 each, ~$430 for 78). Generic is 2 mm bigger: check the bay-floor corner notches. est. US retail Oct 2026
A4: F03 | B4: Frame | C4: M5 drop-in T-nut | D4: for 2020 / 6 mm slot | E4: =SUMIF(Fasteners!$A$2:$A$41,"M5 T-nut",Fasteners!$C$2:$C$41) -> 150 | F4: pcs | G4: 100 | H4: =ROUNDUP(E4*(1+Summary!$C$8)/G4,0) -> 2 | I4: 9 | J4: =H4*I4 -> 18 | K4: Y | L4: =IF(OR(UPPER(K4)="Y",UPPER(K4)="O"),0,J4) -> 18 | M4: Build | N4: everything screwed into a slot (not brackets) | O4: est. US retail Oct 2026
A5: X01 | B5: Fasteners | C5: M5 x 8 button head | D5: ISO 7380, A2 stainless | E5: =SUMIF(Fasteners!$A$2:$A$41,"M5x8 BHCS",Fasteners!$C$2:$C$41) -> 8 | F5: pcs | G5: 50 | H5: =ROUNDUP(E5*(1+Summary!$C$8)/G5,0) -> 1 | I5: 7 | J5: =H5*I5 -> 7 | K5: O | L5: =IF(OR(UPPER(K5)="Y",UPPER(K5)="O"),0,J5) -> 7 | M5: Build | N5: light ring, vision box ears | O5: est. US retail Oct 2026
A6: X02 | B6: Fasteners | C6: M5 x 10 button head | D6: ISO 7380, A2 | E6: =SUMIF(Fasteners!$A$2:$A$41,"M5x10 BHCS",Fasteners!$C$2:$C$41) -> 17 | F6: pcs | G6: 50 | H6: =ROUNDUP(E6*(1+Summary!$C$8)/G6,0) -> 1 | I6: 7 | J6: =H6*I6 -> 7 | K6: O | L6: =IF(OR(UPPER(K6)="Y",UPPER(K6)="O"),0,J6) -> 7 | M6: Build | N6: bottom plate, chute bracket | O6: est. US retail Oct 2026
A7: X03 | B7: Fasteners | C7: M5 x 12 button head | D7: ISO 7380, A2 | E7: =SUMIF(Fasteners!$A$2:$A$41,"M5x12 BHCS",Fasteners!$C$2:$C$41) -> 82 | F7: pcs | G7: 100 | H7: =ROUNDUP(E7*(1+Summary!$C$8)/G7,0) -> 1 | I7: 11 | J7: =H7*I7 -> 11 | K7: O | L7: =IF(OR(UPPER(K7)="Y",UPPER(K7)="O"),0,J7) -> 11 | M7: Build | N7: panels, roof, bay floor, shelf, PIR housing | O7: est. US retail Oct 2026
A8: X04 | B8: Fasteners | C8: M5 x 16 button head | D8: ISO 7380, A2 | E8: =SUMIF(Fasteners!$A$2:$A$41,"M5x16 BHCS",Fasteners!$C$2:$C$41) -> 23 | F8: pcs | G8: 50 | H8: =ROUNDUP(E8*(1+Summary!$C$8)/G8,0) -> 1 | I8: 8 | J8: =H8*I8 -> 8 | K8: O | L8: =IF(OR(UPPER(K8)="Y",UPPER(K8)="O"),0,J8) -> 8 | M8: Build | N8: front panel, solar feet, pod, JB top | O8: est. US retail Oct 2026
A9: X05 | B9: Fasteners | C9: M5 x 20 button head | D9: ISO 7380, A2 | E9: =SUMIF(Fasteners!$A$2:$A$41,"M5x20 BHCS",Fasteners!$C$2:$C$41) -> 2 | F9: pcs | G9: 25 | H9: =ROUNDUP(E9*(1+Summary!$C$8)/G9,0) -> 1 | I9: 6 | J9: =H9*I9 -> 6 | K9: O | L9: =IF(OR(UPPER(K9)="Y",UPPER(K9)="O"),0,J9) -> 6 | M9: Build | N9: JB bottom bolts | O9: est. US retail Oct 2026
A10: X06 | B10: Fasteners | C10: M5 x 25 flanged button head | D10: ISO 7380-2, A2 | E10: =SUMIF(Fasteners!$A$2:$A$41,"M5x25 flanged BHCS",Fasteners!$C$2:$C$41) -> 4 | F10: pcs | G10: 20 | H10: =ROUNDUP(E10*(1+Summary!$C$8)/G10,0) -> 1 | I10: 8 | J10: =H10*I10 -> 8 | K10: O | L10: =IF(OR(UPPER(K10)="Y",UPPER(K10)="O"),0,J10) -> 8 | M10: Build | N10: perch brackets | O10: est. US retail Oct 2026
A11: X07 | B11: Fasteners | C11: M5 x 50 button or socket head | D11: A2 | E11: =SUMIF(Fasteners!$A$2:$A$41,"M5x50 BHCS",Fasteners!$C$2:$C$41) -> 12 | F11: pcs | G11: 25 | H11: =ROUNDUP(E11*(1+Summary!$C$8)/G11,0) -> 1 | I11: 10 | J11: =H11*I11 -> 10 | K11: O | L11: =IF(OR(UPPER(K11)="Y",UPPER(K11)="O"),0,J11) -> 10 | M11: Build | N11: legs to posts | O11: est. US retail Oct 2026
A12: X08 | B12: Fasteners | C12: M5 x 75 hex bolt | D12: A2, part-thread OK | E12: =SUMIF(Fasteners!$A$2:$A$41,"M5x75 hex bolt",Fasteners!$C$2:$C$41) -> 4 | F12: pcs | G12: 10 | H12: =ROUNDUP(E12*(1+Summary!$C$8)/G12,0) -> 1 | I12: 8 | J12: =H12*I12 -> 8 | L12: =IF(OR(UPPER(K12)="Y",UPPER(K12)="O"),0,J12) -> 8 | M12: Build | N12: skirt bolts | O12: est. US retail Oct 2026
A13: X09 | B13: Fasteners | C13: M5 flat washer | D13: ISO 7089, 10 mm OD, A2 | E13: =SUMIF(Fasteners!$A$2:$A$41,"M5 washer",Fasteners!$C$2:$C$41) -> 104 | F13: pcs | G13: 200 | H13: =ROUNDUP(E13*(1+Summary!$C$8)/G13,0) -> 1 | I13: 8 | J13: =H13*I13 -> 8 | K13: O | L13: =IF(OR(UPPER(K13)="Y",UPPER(K13)="O"),0,J13) -> 8 | M13: Build | N13: under heads on plywood | O13: est. US retail Oct 2026
A14: X10 | B14: Fasteners | C14: M5 fender washer | D14: 5.3 x 20 mm, A2 | E14: =SUMIF(Fasteners!$A$2:$A$41,"M5 fender washer",Fasteners!$C$2:$C$41) -> 20 | F14: pcs | G14: 25 | H14: =ROUNDUP(E14*(1+Summary!$C$8)/G14,0) -> 1 | I14: 6 | J14: =H14*I14 -> 6 | K14: O | L14: =IF(OR(UPPER(K14)="Y",UPPER(K14)="O"),0,J14) -> 6 | M14: Build | N14: legs, skirt bolts | O14: est. US retail Oct 2026
A15: X11 | B15: Fasteners | C15: M5 nylon-insert lock nut | D15: A2 | E15: =SUMIF(Fasteners!$A$2:$A$41,"M5 nyloc",Fasteners!$C$2:$C$41) -> 6 | F15: pcs | G15: 50 | H15: =ROUNDUP(E15*(1+Summary!$C$8)/G15,0) -> 1 | I15: 5 | J15: =H15*I15 -> 5 | K15: O | L15: =IF(OR(UPPER(K15)="Y",UPPER(K15)="O"),0,J15) -> 5 | M15: Build | N15: JB bottom, skirt bolts | O15: est. US retail Oct 2026
A16: X12 | B16: Fasteners | C16: M5 hex nut | D16: A2, 8 mm AF | E16: =SUMIF(Fasteners!$A$2:$A$41,"M5 hex nut",Fasteners!$C$2:$C$41) -> 4 | F16: pcs | G16: 50 | H16: =ROUNDUP(E16*(1+Summary!$C$8)/G16,0) -> 1 | I16: 4 | J16: =H16*I16 -> 4 | K16: O | L16: =IF(OR(UPPER(K16)="Y",UPPER(K16)="O"),0,J16) -> 4 | M16: Build | N16: chute to bracket | O16: est. US retail Oct 2026
A17: X13 | B17: Fasteners | C17: M5 unthreaded spacer, 5 mm long | D17: ~10 mm OD, nylon or aluminum | E17: 0 | F17: pcs | G17: 25 | H17: =ROUNDUP(E17*(1+Summary!$C$8)/G17,0) -> 1 | I17: 8 | J17: =H17*I17 -> 8 | L17: =IF(OR(UPPER(K17)="Y",UPPER(K17)="O"),0,J17) -> 8 | M17: Build | N17: front panel standoffs | O17: DROPPED: front panel standoffs are stacks of 5 M5 washers instead.
A18: X14 | B18: Fasteners | C18: M4 x 16 button head | D18: ISO 7380, A2 | E18: =SUMIF(Fasteners!$A$2:$A$41,"M4x16 BHCS",Fasteners!$C$2:$C$41) -> 4 | F18: pcs | G18: 25 | H18: =ROUNDUP(E18*(1+Summary!$C$8)/G18,0) -> 1 | I18: 5 | J18: =H18*I18 -> 5 | K18: O | L18: =IF(OR(UPPER(K18)="Y",UPPER(K18)="O"),0,J18) -> 5 | M18: Build | N18: load cell fixed end, controller | O18: est. US retail Oct 2026
A19: X15 | B19: Fasteners | C19: M4 x 20 button head | D19: ISO 7380, A2 | E19: =SUMIF(Fasteners!$A$2:$A$41,"M4x20 BHCS",Fasteners!$C$2:$C$41) -> 8 | F19: pcs | G19: 25 | H19: =ROUNDUP(E19*(1+Summary!$C$8)/G19,0) -> 1 | I19: 5 | J19: =H19*I19 -> 5 | K19: O | L19: =IF(OR(UPPER(K19)="Y",UPPER(K19)="O"),0,J19) -> 5 | M19: Build | N19: tray to load cell, cradles | O19: est. US retail Oct 2026
A20: X16 | B20: Fasteners | C20: M4 nylon-insert lock nut | D20: A2 | E20: =SUMIF(Fasteners!$A$2:$A$41,"M4 nyloc",Fasteners!$C$2:$C$41) -> 8 | F20: pcs | G20: 50 | H20: =ROUNDUP(E20*(1+Summary!$C$8)/G20,0) -> 1 | I20: 4 | J20: =H20*I20 -> 4 | K20: O | L20: =IF(OR(UPPER(K20)="Y",UPPER(K20)="O"),0,J20) -> 4 | M20: Build | N20: cradles, controller | O20: est. US retail Oct 2026
A21: X17 | B21: Fasteners | C21: M4 flat washer | D21: A2 | E21: =SUMIF(Fasteners!$A$2:$A$41,"M4 washer",Fasteners!$C$2:$C$41) -> 20 | F21: pcs | G21: 100 | H21: =ROUNDUP(E21*(1+Summary!$C$8)/G21,0) -> 1 | I21: 4 | J21: =H21*I21 -> 4 | K21: O | L21: =IF(OR(UPPER(K21)="Y",UPPER(K21)="O"),0,J21) -> 4 | M21: Build | N21: load cell, cradles, controller | O21: est. US retail Oct 2026
A22: X18 | B22: Fasteners | C22: Spacer M4 x 11 mm | D22: McMaster 92871A311 (18-8) | E22: 0 | F22: pcs | G22: 1 | H22: =ROUNDUP(E22/G22,0) -> 2 | I22: 2.5 | J22: =H22*I22 -> 5 | L22: =IF(OR(UPPER(K22)="Y",UPPER(K22)="O"),0,J22) -> 5 | M22: Build | N22: tray to load cell | O22: DROPPED: load cell spacer is 3 M4 hex nuts + 3 M4 washers instead.
A23: X19 | B23: Fasteners | C23: Spacer M4 x 5 mm | D23: McMaster 92871A008 (18-8) | E23: 0 | F23: pcs | G23: 1 | H23: =ROUNDUP(E23/G23,0) -> 2 | I23: 2 | J23: =H23*I23 -> 4 | L23: =IF(OR(UPPER(K23)="Y",UPPER(K23)="O"),0,J23) -> 4 | M23: Build | N23: load cell fixed end | O23: DROPPED: load cell spacer is 6 M4 washers instead.
A24: X20 | B24: Fasteners | C24: #8 x 2-1/2in exterior screw | D24: coated deck screw | E24: =SUMIF(Fasteners!$A$2:$A$41,"#8x2-1/2 wood",Fasteners!$C$2:$C$41) -> 16 | F24: pcs | G24: 50 | H24: =ROUNDUP(E24*(1+Summary!$C$8)/G24,0) -> 1 | I24: 8 | J24: =H24*I24 -> 8 | L24: =IF(OR(UPPER(K24)="Y",UPPER(K24)="O"),0,J24) -> 8 | M24: Build | N24: aprons | O24: est. US retail Oct 2026
A25: X21 | B25: Fasteners | C25: #8 x 1-1/4in exterior screw | D25: coated | E25: =SUMIF(Fasteners!$A$2:$A$41,"#8x1-1/4 wood",Fasteners!$C$2:$C$41) -> 12 | F25: pcs | G25: 50 | H25: =ROUNDUP(E25*(1+Summary!$C$8)/G25,0) -> 1 | I25: 6 | J25: =H25*I25 -> 6 | L25: =IF(OR(UPPER(K25)="Y",UPPER(K25)="O"),0,J25) -> 6 | M25: Build | N25: diagonals | O25: est. US retail Oct 2026
A26: X22 | B26: Fasteners | C26: #6 x 5/8in wood screw | D26: pan or flat head | E26: =SUMIF(Fasteners!$A$2:$A$41,"#6x5/8 wood",Fasteners!$C$2:$C$41) -> 16 | F26: pcs | G26: 50 | H26: =ROUNDUP(E26*(1+Summary!$C$8)/G26,0) -> 1 | I26: 5 | J26: =H26*I26 -> 5 | L26: =IF(OR(UPPER(K26)="Y",UPPER(K26)="O"),0,J26) -> 5 | M26: Build | N26: skirt cleats | O26: est. US retail Oct 2026
A27: X23 | B27: Fasteners | C27: #6 x 3/4in pan-head screw | E27: =SUMIF(Fasteners!$A$2:$A$41,"#6x3/4 wood",Fasteners!$C$2:$C$41) -> 4 | F27: pcs | G27: 25 | H27: =ROUNDUP(E27*(1+Summary!$C$8)/G27,0) -> 1 | I27: 4 | J27: =H27*I27 -> 4 | L27: =IF(OR(UPPER(K27)="Y",UPPER(K27)="O"),0,J27) -> 4 | M27: Build | N27: perch rod locks | O27: est. US retail Oct 2026
A28: X24 | B28: Fasteners | C28: Nylon standoff kit M2 / M2.5 / M3 | D28: standoffs + screws + nuts | E28: 1 | F28: kit | G28: 1 | H28: =ROUNDUP(E28/G28,0) -> 1 | I28: 12 | J28: =H28*I28 -> 12 | K28: Y | L28: =IF(OR(UPPER(K28)="Y",UPPER(K28)="O"),0,J28) -> 12 | M28: Build | N28: P4 board, camera, JB modules | O28: est. US retail Oct 2026
A29: X25 | B29: Fasteners | C29: Pit mechanism hardware (?) | D29: servo mount, solenoid mount, trapdoor hinge | E29: 1 | F29: lot | G29: 1 | H29: =ROUNDUP(E29/G29,0) -> 1 | I29: 8 | J29: =H29*I29 -> 8 | L29: =IF(OR(UPPER(K29)="Y",UPPER(K29)="O"),0,J29) -> 8 | M29: Build | N29: your pit design (not specified) | O29: placeholder
A30: X26 | B30: Fasteners | C30: Gate actuator clevis pins / rod-end jaws (?) | D30: M4, per your gate design | E30: 2 | F30: pcs | G30: 2 | H30: =ROUNDUP(E30/G30,0) -> 1 | I30: 10 | J30: =H30*I30 -> 10 | L30: =IF(OR(UPPER(K30)="Y",UPPER(K30)="O"),0,J30) -> 10 | M30: Build | N30: replace the clevis stand-ins | O30: placeholder
A31: S01 | B31: Wood & sheet | C31: 1/4in (6 mm) exterior-glue plywood, 4 x 8 ft | D31: BC sanded or similar | E31: 1 | F31: sheet | G31: 1 | H31: =ROUNDUP(E31/G31,0) -> 1 | I31: 42 | J31: =H31*I31 -> 42 | L31: =IF(OR(UPPER(K31)="Y",UPPER(K31)="O"),0,J31) -> 42 | M31: Build | N31: Sheet A: side x2, back, front | O31: est. US retail Oct 2026 (home center)
A32: S02 | B32: Wood & sheet | C32: 1/4in (6 mm) plywood, 2 x 4 ft project panel | E32: 1 | F32: sheet | G32: 1 | H32: =ROUNDUP(E32/G32,0) -> 1 | I32: 17 | J32: =H32*I32 -> 17 | L32: =IF(OR(UPPER(K32)="Y",UPPER(K32)="O"),0,J32) -> 17 | M32: Build | N32: Sheet B: roof, bay floor, battery shelf | O32: est. US retail Oct 2026
A33: S03 | B33: Wood & sheet | C33: 1/8in (3 mm) tempered hardboard, 2 x 4 ft | E33: 1 | F33: sheet | G33: 1 | H33: =ROUNDUP(E33/G33,0) -> 1 | I33: 9 | J33: =H33*I33 -> 9 | L33: =IF(OR(UPPER(K33)="Y",UPPER(K33)="O"),0,J33) -> 9 | M33: Build | N33: pit lining | O33: est. US retail Oct 2026
A34: S04 | B34: Wood & sheet | C34: 2x2 x 8 ft, pressure-treated | D34: actual 1.5 x 1.5 in (38 mm) | E34: 3 | F34: boards | G34: 1 | H34: =ROUNDUP(E34/G34,0) -> 3 | I34: 6 | J34: =H34*I34 -> 18 | L34: =IF(OR(UPPER(K34)="Y",UPPER(K34)="O"),0,J34) -> 18 | M34: Build | N34: legs + aprons (ground contact) | O34: est. US retail Oct 2026
A35: S05 | B35: Wood & sheet | C35: 1x2 x 8 ft | D35: actual 0.75 x 1.5 in | E35: 1 | F35: boards | G35: 1 | H35: =ROUNDUP(E35/G35,0) -> 1 | I35: 3 | J35: =H35*I35 -> 3 | L35: =IF(OR(UPPER(K35)="Y",UPPER(K35)="O"),0,J35) -> 3 | M35: Build | N35: diagonals | O35: est. US retail Oct 2026
A36: S06 | B36: Wood & sheet | C36: 3/4in square dowel, 36in | E36: 1 | F36: pcs | G36: 1 | H36: =ROUNDUP(E36/G36,0) -> 1 | I36: 3 | J36: =H36*I36 -> 3 | L36: =IF(OR(UPPER(K36)="Y",UPPER(K36)="O"),0,J36) -> 3 | M36: Build | N36: skirt corner cleats | O36: est. US retail Oct 2026
A37: S07 | B37: Wood & sheet | C37: 1-1/4in hardwood dowel, 48in | D37: 31.75 mm - not 1-5/16in closet pole | E37: 1 | F37: pcs | G37: 1 | H37: =ROUNDUP(E37/G37,0) -> 1 | I37: 12 | J37: =H37*I37 -> 12 | L37: =IF(OR(UPPER(K37)="Y",UPPER(K37)="O"),0,J37) -> 12 | M37: Build | N37: perch rods x2 | O37: est. US retail Oct 2026
A38: S08 | B38: Wood & sheet | C38: Exterior primer + paint, 1 qt | D38: or exterior sealer | E38: 1 | F38: qt | G38: 1 | H38: =ROUNDUP(E38/G38,0) -> 1 | I38: 20 | J38: =H38*I38 -> 20 | L38: =IF(OR(UPPER(K38)="Y",UPPER(K38)="O"),0,J38) -> 20 | M38: Build | N38: all wood | O38: est. US retail Oct 2026
A39: C01 | B39: Cut service | C39: Reward tray (SendCutSend) | D39: 5052-H32 0.080", 3 bends | E39: 1 | F39: part | G39: 1 | H39: =ROUNDUP(E39/G39,0) -> 1 | I39: 40 | J39: =H39*I39 -> 40 | L39: =IF(OR(UPPER(K39)="Y",UPPER(K39)="O"),0,J39) -> 40 | M39: Build | N39: reward tray | O39: est.; get the real quote by uploading the STEP
A40: C02 | B40: Cut service | C40: Reward bottom plate (SendCutSend) | D40: 5052-H32 0.187" | E40: 1 | F40: part | G40: 1 | H40: =ROUNDUP(E40/G40,0) -> 1 | I40: 32 | J40: =H40*I40 -> 32 | L40: =IF(OR(UPPER(K40)="Y",UPPER(K40)="O"),0,J40) -> 32 | M40: Build | N40: bottom plate v3 | O40: est.
A41: C03 | B41: Cut service | C41: Gate (SendCutSend) | D41: polycarbonate 0.177" (4.5 mm), routed | E41: 1 | F41: part | G41: 1 | H41: =ROUNDUP(E41/G41,0) -> 1 | I41: 22 | J41: =H41*I41 -> 22 | L41: =IF(OR(UPPER(K41)="Y",UPPER(K41)="O"),0,J41) -> 22 | M41: Build | N41: gate | O41: est.
A42: C04 | B42: Cut service | C42: OPTION: clear front panel | D42: polycarbonate 0.220" (5.6 mm), 502 x 1100 | E42: 1 | F42: part | G42: 1 | H42: =ROUNDUP(E42/G42,0) -> 1 | I42: 160 | J42: =H42*I42 -> 160 | L42: =IF(OR(UPPER(K42)="Y",UPPER(K42)="O"),0,J42) -> 160 | M42: Option | N42: front panel | O42: est.; only if you go clear
A43: E01 | B43: Junction box | C43: IP65 junction box ~250 x 200 x 100 with mounting plate | D43: ABS or PC, hinged or screw lid | E43: 1 | F43: pcs | G43: 1 | H43: =ROUNDUP(E43/G43,0) -> 1 | I43: 28 | J43: =H43*I43 -> 28 | K43: O | L43: =IF(OR(UPPER(K43)="Y",UPPER(K43)="O"),0,J43) -> 28 | M43: Build | N43: main electronics | O43: Modeled Ruilogod 200x120x75 is too small for the doc's module list (see Doc check). If you already have it, mark Y and expect a cramped 2-layer build. est. US retail Oct 2026
A44: E02 | B44: Junction box | C44: ESP32 dev board, 38-pin (HiLetgo, ESP-WROOM-32) | E44: 1 | F44: pcs | G44: 1 | H44: =ROUNDUP(E44/G44,0) -> 1 | I44: 8 | J44: =H44*I44 -> 8 | K44: Y | L44: =IF(OR(UPPER(K44)="Y",UPPER(K44)="O"),0,J44) -> 8 | M44: Build | N44: main controller | O44: est. US retail Oct 2026
A45: E03 | B45: Junction box | C45: ESP32 38-pin screw-terminal breakout | D45: must fit a 38-pin board: match pin-row spacing (usually 25.4 mm); size per listing | E45: 1 | F45: pcs | G45: 1 | H45: =ROUNDUP(E45/G45,0) -> 1 | I45: 8 | J45: =H45*I45 -> 8 | K45: Y | L45: =IF(OR(UPPER(K45)="Y",UPPER(K45)="O"),0,J45) -> 8 | M45: Build | O45: est. US retail Oct 2026
A46: E04 | B46: Junction box | C46: MCP23017 I/O expander breakout | E46: 1 | F46: pcs | G46: 1 | H46: =ROUNDUP(E46/G46,0) -> 1 | I46: 5 | J46: =H46*I46 -> 5 | K46: Y | L46: =IF(OR(UPPER(K46)="Y",UPPER(K46)="O"),0,J46) -> 5 | M46: Build | N46: IR, LEDs, gate dir, solenoid lines | O46: est. US retail Oct 2026
A47: E05 | B47: Junction box | C47: L298N dual H-bridge | D47: 43 x 43 x 27 | E47: 1 | F47: pcs | G47: 1 | H47: =ROUNDUP(E47/G47,0) -> 1 | I47: 5 | J47: =H47*I47 -> 5 | K47: Y | L47: =IF(OR(UPPER(K47)="Y",UPPER(K47)="O"),0,J47) -> 5 | M47: Build | N47: gate actuators | O47: est. US retail Oct 2026
A48: E06 | B48: Junction box | C48: Logic-level MOSFET switch module | D48: AOD4184 / D4184 type, works from 3.3 V | E48: 2 | F48: pcs | G48: 5 | H48: =ROUNDUP(E48/G48,0) -> 1 | I48: 9 | J48: =H48*I48 -> 9 | K48: Y | L48: =IF(OR(UPPER(K48)="Y",UPPER(K48)="O"),0,J48) -> 9 | M48: Build | N48: solenoid, light ring | O48: Replaces the doc's IRF520 modules: an IRF520 barely turns on from 3.3 V logic. est. US retail Oct 2026
A49: E07 | B49: Junction box | C49: Buck 12->5 V, LM2596 with voltmeter | D49: set 5.1 V | E49: 1 | F49: pcs | G49: 1 | H49: =ROUNDUP(E49/G49,0) -> 1 | I49: 6 | J49: =H49*I49 -> 6 | K49: Y | L49: =IF(OR(UPPER(K49)="Y",UPPER(K49)="O"),0,J49) -> 6 | M49: Build | N49: logic rail (ESP32, MCP, pod, IR) | O49: est. US retail Oct 2026
A50: E08 | B50: Junction box | C50: Buck 12->6 V, 5 A or more, with display | D50: XL4015 / XL4016 type | E50: 1 | F50: pcs | G50: 1 | H50: =ROUNDUP(E50/G50,0) -> 1 | I50: 10 | J50: =H50*I50 -> 10 | K50: Y | L50: =IF(OR(UPPER(K50)="Y",UPPER(K50)="O"),0,J50) -> 10 | M50: Build | N50: servo rail (4 x MG996R) | O50: Doc left buck #2's job open: make it the servo rail. MG996R stalls at ~2.5 A each; an LM2596 sags. est. US retail Oct 2026
A51: E10 | B51: Junction box | C51: WAGO 221-415 lever connector (5-port) | E51: 10 | F51: pcs | G51: 10 | H51: =ROUNDUP(E51/G51,0) -> 1 | I51: 15 | J51: =H51*I51 -> 15 | K51: Y | L51: =IF(OR(UPPER(K51)="Y",UPPER(K51)="O"),0,J51) -> 15 | M51: Build | N51: 12 V, 6 V, 5 V, GND buses | O51: Doc said ~5; GND alone has ~18 wires. est. US retail Oct 2026
A52: E11 | B52: Junction box | C52: ATC inline fuse holder, 16 AWG, waterproof | E52: 2 | F52: pcs | G52: 2 | H52: =ROUNDUP(E52/G52,0) -> 1 | I52: 7 | J52: =H52*I52 -> 7 | K52: Y | L52: =IF(OR(UPPER(K52)="Y",UPPER(K52)="O"),0,J52) -> 7 | M52: Build | N52: fuse 1 at battery (7.5 A), fuse 2 in JB (5 A) | O52: Two fuses: fuse 1 protects the battery cable, fuse 2 is the reachable one the doc asked for. est. US retail Oct 2026
A53: E12 | B53: Junction box | C53: ATC blade fuse assortment | D53: incl. 5 A and 7.5 A | E53: 1 | F53: kit | G53: 1 | H53: =ROUNDUP(E53/G53,0) -> 1 | I53: 6 | J53: =H53*I53 -> 6 | K53: Y | L53: =IF(OR(UPPER(K53)="Y",UPPER(K53)="O"),0,J53) -> 6 | M53: Build | O53: est. US retail Oct 2026
A54: E13 | B54: Junction box | C54: 1N4007 diode | D54: flyback | E54: 1 | F54: pack | G54: 1 | H54: =ROUNDUP(E54/G54,0) -> 1 | I54: 4 | J54: =H54*I54 -> 4 | K54: Y | L54: =IF(OR(UPPER(K54)="Y",UPPER(K54)="O"),0,J54) -> 4 | M54: Build | N54: across the solenoid | O54: est. US retail Oct 2026
A55: E14 | B55: Junction box | C55: Electrolytic capacitors | D55: 1000 uF 16 V (servo rail), 470 uF 25 V (12 V bus) | E55: 1 | F55: kit | G55: 1 | H55: =ROUNDUP(E55/G55,0) -> 1 | I55: 7 | J55: =H55*I55 -> 7 | K55: Y | L55: =IF(OR(UPPER(K55)="Y",UPPER(K55)="O"),0,J55) -> 7 | M55: Build | N55: rail buffering | O55: est. US retail Oct 2026
A56: E15 | B56: Junction box | C56: Resistor assortment (?) | D56: need 3 x 330 ohm for the LEDs | E56: 1 | F56: kit | G56: 1 | H56: =ROUNDUP(E56/G56,0) -> 1 | I56: 8 | J56: =H56*I56 -> 8 | K56: Y | L56: =IF(OR(UPPER(K56)="Y",UPPER(K56)="O"),0,J56) -> 8 | M56: Build | N56: signal LEDs | O56: est. US retail Oct 2026
A57: E16 | B57: Junction box | C57: Main power switch, sealed | D57: 12 V 10 A toggle/rocker with boot | E57: 1 | F57: pcs | G57: 1 | H57: =ROUNDUP(E57/G57,0) -> 1 | I57: 7 | J57: =H57*I57 -> 7 | L57: =IF(OR(UPPER(K57)="Y",UPPER(K57)="O"),0,J57) -> 7 | M57: Build | N57: on/off in the JB side wall | O57: Recommended: fuse 1 sits behind a panel, so pulling it isn't a practical off switch. est. US retail Oct 2026
A58: E17 | B58: Junction box | C58: SAE 2-pin pigtail (?) | D58: charge port on the 12 V input | E58: 2 | F58: pcs | G58: 2 | H58: =ROUNDUP(E58/G58,0) -> 1 | I58: 7 | J58: =H58*I58 -> 7 | L58: =IF(OR(UPPER(K58)="Y",UPPER(K58)="O"),0,J58) -> 7 | M58: Build | N58: charging before solar | O58: est. US retail Oct 2026
A59: E18 | B59: Junction box | C59: Notecarrier-A | D59: Blues | E59: 1 | F59: pcs | G59: 1 | H59: =ROUNDUP(E59/G59,0) -> 1 | I59: 25 | J59: =H59*I59 -> 25 | K59: O | L59: =IF(OR(UPPER(K59)="Y",UPPER(K59)="O"),0,J59) -> 25 | M59: Phase 5 | N59: cellular | O59: shop.blues.com $25.00
A60: E19 | B60: Junction box | C60: Notecard Cellular | D60: Blues MBNAN: LTE Cat-1 bis, North America (the LTE-M NBNAN is quote-only, MOQ 250) | E60: 1 | F60: pcs | G60: 1 | H60: =ROUNDUP(E60/G60,0) -> 1 | I60: 49 | J60: =H60*I60 -> 49 | K60: O | L60: =IF(OR(UPPER(K60)="Y",UPPER(K60)="O"),0,J60) -> 49 | M60: Phase 5 | N60: cellular | O60: shop.blues.com $49.00 (MBNAN), Oct 2026. Includes 10 years / 500 MB.
A61: V01 | B61: Vision box | C61: Clear-lid IP65 box 115 x 90 x 55 with ears | D61: Anbox 115A-type | E61: 1 | F61: pcs | G61: 1 | H61: =ROUNDUP(E61/G61,0) -> 1 | I61: 12 | J61: =H61*I61 -> 12 | K61: Y | L61: =IF(OR(UPPER(K61)="Y",UPPER(K61)="O"),0,J61) -> 12 | M61: Build | N61: vision enclosure | O61: est. US retail Oct 2026
A62: V02 | B62: Vision box | C62: Waveshare ESP32-P4-NANO (basic kit) | D62: ESP32-P4, 32 MB PSRAM, standard 15-pin Pi camera connector, microSD, 50 x 50 mm | E62: 1 | F62: pcs | G62: 1 | H62: =ROUNDUP(E62/G62,0) -> 1 | I62: 19 | J62: =H62*I62 -> 20 | K62: O | L62: =IF(OR(UPPER(K62)="Y",UPPER(K62)="O"),0,J62) -> 20 | M62: Build | N62: vision (camera + classifier) | O62: Waveshare list $18.99, Oct 2026. Replaces the Pi Zero 2 WH. Not KIT-A: its camera's 6 mm lens is too narrow at 300 mm.
A63: V03 | B63: Vision box | C63: OV5647 camera, Raspberry Pi v1.3-style (25 x 24 mm) | D63: 3.6 mm lens, WITH IR filter (not NoIR / night vision); includes 15-pin cable | E63: 1 | F63: pcs | G63: 1 | H63: =ROUNDUP(E63/G63,0) -> 1 | I63: 12 | J63: =H63*I63 -> 25 | K63: Y | L63: =IF(OR(UPPER(K63)="Y",UPPER(K63)="O"),0,J63) -> 25 | M63: Build | N63: vision | O63: est. $10-15 US retail Oct 2026 (approximate). Replaces Camera Module 3, which only works with Raspberry Pi boards.
A64: V04 | B64: Vision box | C64: DROPPED: Pi Zero camera cable 22->15 pin | E64: 0 | F64: pcs | G64: 1 | H64: =ROUNDUP(E64/G64,0) -> 1 | I64: 6 | J64: =H64*I64 -> 6 | L64: =IF(OR(UPPER(K64)="Y",UPPER(K64)="O"),0,J64) -> 6 | M64: Build | N64: not needed | O64: Not needed: the P4-NANO has the standard 15-pin connector, so the camera's own cable fits.
A65: V05 | B65: Vision box | C65: microSD 32 GB, high-endurance | E65: 1 | F65: pcs | G65: 1 | H65: =ROUNDUP(E65/G65,0) -> 1 | I65: 10 | J65: =H65*I65 -> 10 | K65: O | L65: =IF(OR(UPPER(K65)="Y",UPPER(K65)="O"),0,J65) -> 10 | M65: Build | N65: training photos (P4 board's microSD slot) | O65: est. US retail Oct 2026
A66: V06 | B66: Vision box | C66: Mini buck 12->5 V 3 A (MP1584EN), 6-pack | E66: 1 | F66: pack | G66: 1 | H66: =ROUNDUP(E66/G66,0) -> 1 | I66: 9 | J66: =H66*I66 -> 9 | K66: Y | L66: =IF(OR(UPPER(K66)="Y",UPPER(K66)="O"),0,J66) -> 9 | M66: Build | N66: P4 board + PIR power from the Cat6 12 V | O66: est. US retail Oct 2026
A67: V07 | B67: Vision box | C67: DROPPED: Coral USB Accelerator | E67: 0 | F67: pcs | G67: 1 | H67: =ROUNDUP(E67/G67,0) -> 1 | I67: 60 | J67: =H67*I67 -> 60 | L67: =IF(OR(UPPER(K67)="Y",UPPER(K67)="O"),0,J67) -> 60 | M67: Phase 7 | N67: inference | O67: Not needed: the classifier runs on the ESP32-P4 itself (ESP-DL, int8).
A68: V08 | B68: Vision box | C68: DROPPED: Right-angle USB-C to micro-USB OTG cable | D68: short | E68: 0 | F68: pcs | G68: 1 | H68: =ROUNDUP(E68/G68,0) -> 1 | I68: 8 | J68: =H68*I68 -> 8 | L68: =IF(OR(UPPER(K68)="Y",UPPER(K68)="O"),0,J68) -> 8 | M68: Phase 7 | N68: not needed | O68: Not needed: the Coral is dropped.
A69: M01 | B69: Field modules | C69: MG996R servo | D69: metal gear | E69: 4 | F69: pcs | G69: 4 | H69: =ROUNDUP(E69/G69,0) -> 1 | I69: 24 | J69: =H69*I69 -> 24 | K69: Y | L69: =IF(OR(UPPER(K69)="Y",UPPER(K69)="O"),0,J69) -> 24 | M69: Build | N69: 3 dosers + trapdoor | O69: est. US retail Oct 2026
A70: M02 | B70: Field modules | C70: 12 V solenoid deadbolt (Bonsicoky) | E70: 1 | F70: pcs | G70: 1 | H70: =ROUNDUP(E70/G70,0) -> 1 | I70: 14 | J70: =H70*I70 -> 14 | K70: Y | L70: =IF(OR(UPPER(K70)="Y",UPPER(K70)="O"),0,J70) -> 14 | M70: Build | N70: trapdoor lock | O70: est. US retail Oct 2026
A71: M03 | B71: Field modules | C71: Mini 12 V linear actuator, 50 mm stroke | D71: as modeled | E71: 2 | F71: pcs | G71: 1 | H71: =ROUNDUP(E71/G71,0) -> 2 | I71: 35 | J71: =H71*I71 -> 70 | K71: Y | L71: =IF(OR(UPPER(K71)="Y",UPPER(K71)="O"),0,J71) -> 70 | M71: Build | N71: gate | O71: Price for generic minis. 50 mm stroke limits the reward window to 44 mm tall; 100 mm stroke would fix that. est. US retail Oct 2026
A72: M04 | B72: Field modules | C72: 1 kg straight-bar load cell + HX711 kit | D72: 80 x 12.7 x 12.7 | E72: 2 | F72: kits | G72: 1 | H72: =ROUNDUP(E72/G72,0) -> 2 | I72: 9 | J72: =H72*I72 -> 18 | K72: Y | L72: =IF(OR(UPPER(K72)="Y",UPPER(K72)="O"),0,J72) -> 18 | M72: Build | N72: reward tray + pit; HX711 #1 in vision box, #2 in JB | O72: est. US retail Oct 2026
A73: M05 | B73: Field modules | C73: AM312 mini PIR, 5-pack | E73: 1 | F73: pack | G73: 1 | H73: =ROUNDUP(E73/G73,0) -> 1 | I73: 8 | J73: =H73*I73 -> 8 | K73: Y | L73: =IF(OR(UPPER(K73)="Y",UPPER(K73)="O"),0,J73) -> 8 | M73: Build | N73: PIR housing | O73: est. US retail Oct 2026
A74: M06 | B74: Field modules | C74: Passive buzzer module (3-pin, with transistor), 5-pack | E74: 1 | F74: pack | G74: 1 | H74: =ROUNDUP(E74/G74,0) -> 1 | I74: 6 | J74: =H74*I74 -> 6 | K74: Y | L74: =IF(OR(UPPER(K74)="Y",UPPER(K74)="O"),0,J74) -> 6 | M74: Build | N74: signal pod | O74: est. US retail Oct 2026
A75: M07 | B75: Field modules | C75: 5 mm diffused LEDs, green / red / blue | D75: assortment | E75: 1 | F75: kit | G75: 1 | H75: =ROUNDUP(E75/G75,0) -> 1 | I75: 6 | J75: =H75*I75 -> 6 | K75: Y | L75: =IF(OR(UPPER(K75)="Y",UPPER(K75)="O"),0,J75) -> 6 | M75: Build | N75: signal pod | O75: est. US retail Oct 2026
A76: M08 | B76: Field modules | C76: 12 V COB LED strip, 8 mm, 4000-5000 K, CRI 90+ | D76: need ~0.5 m | E76: 1 | F76: roll | G76: 1 | H76: =ROUNDUP(E76/G76,0) -> 1 | I76: 14 | J76: =H76*I76 -> 14 | L76: =IF(OR(UPPER(K76)="Y",UPPER(K76)="O"),0,J76) -> 14 | M76: Build | N76: pit light ring | O76: Doc said a 5 V strip under the reward floor; the model uses 12 V on the pit ring (switched from 12 V, no load on the 5 V buck). est. US retail Oct 2026
A77: M09 | B77: Field modules | C77: IR break-beam pair, 5 mm | D77: e.g. Adafruit 2168 | E77: 3 | F77: pairs | G77: 1 | H77: =ROUNDUP(E77/G77,0) -> 3 | I77: 6 | J77: =H77*I77 -> 18 | L77: =IF(OR(UPPER(K77)="Y",UPPER(K77)="O"),0,J77) -> 18 | M77: Paused | N77: hopper empty detection | O77: est. US retail Oct 2026
A78: P01 | B78: Power | C78: 12 V LiFePO4 battery, 8 Ah | D78: ~151 x 65 x 95, F2 terminals | E78: 1 | F78: pcs | G78: 1 | H78: =ROUNDUP(E78/G78,0) -> 1 | I78: 40 | J78: =H78*I78 -> 40 | K78: Y | L78: =IF(OR(UPPER(K78)="Y",UPPER(K78)="O"),0,J78) -> 40 | M78: Build | N78: battery shelf | O78: est. US retail Oct 2026
A79: P02 | B79: Power | C79: Hook-and-loop strap 25 mm x 50 cm | E79: 1 | F79: pack | G79: 1 | H79: =ROUNDUP(E79/G79,0) -> 1 | I79: 6 | J79: =H79*I79 -> 6 | L79: =IF(OR(UPPER(K79)="Y",UPPER(K79)="O"),0,J79) -> 6 | M79: Build | N79: battery hold-down (shelf slots) | O79: est. US retail Oct 2026
A80: P03 | B80: Power | C80: LiFePO4 charger 14.6 V, 2-5 A (?) | E80: 1 | F80: pcs | G80: 1 | H80: =ROUNDUP(E80/G80,0) -> 1 | I80: 22 | J80: =H80*I80 -> 22 | L80: =IF(OR(UPPER(K80)="Y",UPPER(K80)="O"),0,J80) -> 22 | M80: Build | N80: charging until solar | O80: 8 Ah lasts ~1.5-2 days at ~2-3 W average. est. US retail Oct 2026
A81: P04 | B81: Power | C81: Solar panel 20 W, 12 V | D81: ~470 x 345 x 20 | E81: 1 | F81: pcs | G81: 1 | H81: =ROUNDUP(E81/G81,0) -> 1 | I81: 42 | J81: =H81*I81 -> 42 | L81: =IF(OR(UPPER(K81)="Y",UPPER(K81)="O"),0,J81) -> 42 | M81: Phase 9 | N81: roof | O81: est. US retail Oct 2026
A82: P05 | B82: Power | C82: Small-panel tilt mount kit | E82: 1 | F82: kit | G82: 1 | H82: =ROUNDUP(E82/G82,0) -> 1 | I82: 18 | J82: =H82*I82 -> 18 | L82: =IF(OR(UPPER(K82)="Y",UPPER(K82)="O"),0,J82) -> 18 | M82: Phase 9 | N82: roof | O82: est. US retail Oct 2026
A83: P06 | B83: Power | C83: Victron SmartSolar MPPT 75/10 | D83: 113 x 100 x 40, LiFePO4 profile, load output | E83: 1 | F83: pcs | G83: 1 | H83: =ROUNDUP(E83/G83,0) -> 1 | I83: 69.97 | J83: =H83*I83 -> 69.97 | L83: =IF(OR(UPPER(K83)="Y",UPPER(K83)="O"),0,J83) -> 69.97 | M83: Phase 9 | N83: battery shelf | O83: solarcellzusa.com $69.97. Budget alt: Renogy Wanderer 10A $34.99, but its page doesn't list lithium support.
A84: CB10 | B84: Wiring | C84: 3-core 22 AWG round jacketed cable | D84: PVC, OD ~4.2 mm | E84: =Wiring!$G$26 -> 5.6 | F84: m | G84: 7.6 | H84: =ROUNDUP(E84/G84,0) -> 1 | I84: 13 | J84: =H84*I84 -> 13 | L84: =IF(OR(UPPER(K84)="Y",UPPER(K84)="O"),0,J84) -> 13 | M84: Build | N84: 4 servos + PIR | O84: 25 ft roll. est. US retail Oct 2026
A85: CB11 | B85: Wiring | C85: 2-core 20 AWG round jacketed cable | D85: OD ~4.3 mm | E85: =Wiring!$G$27 -> 5.9 | F85: m | G85: 7.6 | H85: =ROUNDUP(E85/G85,0) -> 1 | I85: 12 | J85: =H85*I85 -> 12 | L85: =IF(OR(UPPER(K85)="Y",UPPER(K85)="O"),0,J85) -> 12 | M85: Build | N85: actuators, solenoid, light ring | O85: 25 ft roll. est. US retail Oct 2026
A86: CB12 | B86: Wiring | C86: 6-core 24 AWG round cable | D86: OD ~4.8 mm | E86: =Wiring!$G$28 -> 1.2 | F86: m | G86: 7.6 | H86: =ROUNDUP(E86/G86,0) -> 1 | I86: 15 | J86: =H86*I86 -> 15 | L86: =IF(OR(UPPER(K86)="Y",UPPER(K86)="O"),0,J86) -> 15 | M86: Build | N86: signal pod (IR later from the same roll) | O86: 25 ft roll. est. US retail Oct 2026
A87: CB13 | B87: Wiring | C87: 4-core 24 AWG shielded cable | D87: foil + drain, OD ~4.6 mm | E87: =Wiring!$G$29 -> 1.9 | F87: m | G87: 3 | H87: =ROUNDUP(E87/G87,0) -> 1 | I87: 11 | J87: =H87*I87 -> 11 | L87: =IF(OR(UPPER(K87)="Y",UPPER(K87)="O"),0,J87) -> 11 | M87: Build | N87: pit load cell | O87: 10 ft roll. est. US retail Oct 2026
A88: CB14 | B88: Wiring | C88: Cat6 patch cable, stranded, 5 ft | D88: plugs cut off | E88: =Wiring!$G$30 -> 0.9 | F88: m | G88: 1.5 | H88: =ROUNDUP(E88/G88,0) -> 1 | I88: 6 | J88: =H88*I88 -> 6 | L88: =IF(OR(UPPER(K88)="Y",UPPER(K88)="O"),0,J88) -> 6 | M88: Build | N88: vision box link | O88: est. US retail Oct 2026
A89: CB15 | B89: Wiring | C89: 2-core 16 AWG round jacketed cable | D89: OD <= 7.5 mm for the PG9 | E89: =Wiring!$G$31 -> 1.3 | F89: m | G89: 3 | H89: =ROUNDUP(E89/G89,0) -> 1 | I89: 10 | J89: =H89*I89 -> 10 | L89: =IF(OR(UPPER(K89)="Y",UPPER(K89)="O"),0,J89) -> 10 | M89: Build | N89: 12 V power in | O89: 10 ft. est. US retail Oct 2026
A90: CB16 | B90: Wiring | C90: 2-core 18 AWG UV-rated outdoor cable | D90: OD ~6 mm | E90: =Wiring!$G$32 -> 1.3 | F90: m | G90: 3 | H90: =ROUNDUP(E90/G90,0) -> 1 | I90: 9 | J90: =H90*I90 -> 9 | L90: =IF(OR(UPPER(K90)="Y",UPPER(K90)="O"),0,J90) -> 9 | M90: Phase 9 | N90: solar run | O90: 10 ft. est. US retail Oct 2026
A91: CB17 | B91: Wiring | C91: 16 AWG red/black zip wire | E91: =Wiring!$G$33 -> 0.8 | F91: m | G91: 3 | H91: =ROUNDUP(E91/G91,0) -> 1 | I91: 7 | J91: =H91*I91 -> 7 | L91: =IF(OR(UPPER(K91)="Y",UPPER(K91)="O"),0,J91) -> 7 | M91: Build | N91: battery leads | O91: 10 ft. est. US retail Oct 2026
A92: CB18 | B92: Wiring | C92: 22 AWG stranded hookup wire, 6 colors | E92: 1 | F92: kit | G92: 1 | H92: =ROUNDUP(E92/G92,0) -> 1 | I92: 14 | J92: =H92*I92 -> 14 | L92: =IF(OR(UPPER(K92)="Y",UPPER(K92)="O"),0,J92) -> 14 | M92: Build | N92: inside the JB | O92: est. US retail Oct 2026
A93: CB19 | B93: Wiring | C93: PG16 nylon gland with 4-hole insert | D93: 4 x 5 mm holes | E93: 3 | F93: pcs | G93: 5 | H93: =ROUNDUP(E93/G93,0) -> 1 | I93: 13 | J93: =H93*I93 -> 13 | L93: =IF(OR(UPPER(K93)="Y",UPPER(K93)="O"),0,J93) -> 13 | M93: Build | N93: JB G1-G3 | O93: est. US retail Oct 2026
A94: CB20 | B94: Wiring | C94: Cable gland assortment PG7 / PG9 / PG11 | D94: nylon, IP68 | E94: 1 | F94: kit | G94: 1 | H94: =ROUNDUP(E94/G94,0) -> 1 | I94: 12 | J94: =H94*I94 -> 12 | L94: =IF(OR(UPPER(K94)="Y",UPPER(K94)="O"),0,J94) -> 12 | M94: Build | N94: JB G4/G5, vision box x3, roof | O94: est. US retail Oct 2026
A95: CB21 | B95: Wiring | C95: Ferrule assortment 22-16 AWG | E95: 1 | F95: kit | G95: 1 | H95: =ROUNDUP(E95/G95,0) -> 1 | I95: 8 | J95: =H95*I95 -> 8 | L95: =IF(OR(UPPER(K95)="Y",UPPER(K95)="O"),0,J95) -> 8 | M95: Build | N95: screw terminals | O95: est. US retail Oct 2026
A96: CB22 | B96: Wiring | C96: F2 (6.3 mm) insulated female spade terminals | E96: 1 | F96: pack | G96: 1 | H96: =ROUNDUP(E96/G96,0) -> 1 | I96: 6 | J96: =H96*I96 -> 6 | L96: =IF(OR(UPPER(K96)="Y",UPPER(K96)="O"),0,J96) -> 6 | M96: Build | N96: battery terminals | O96: est. US retail Oct 2026
A97: CB23 | B97: Wiring | C97: 2.54 mm male header strips | D97: 40-pin, 10-pack | E97: 1 | F97: pack | G97: 1 | H97: =ROUNDUP(E97/G97,0) -> 1 | I97: 5 | J97: =H97*I97 -> 5 | L97: =IF(OR(UPPER(K97)="Y",UPPER(K97)="O"),0,J97) -> 5 | M97: Build | N97: servo + LED connections | O97: est. US retail Oct 2026
A98: CB24 | B98: Wiring | C98: Pre-crimped Dupont F-F jumpers | E98: 1 | F98: pack | G98: 1 | H98: =ROUNDUP(E98/G98,0) -> 1 | I98: 6 | J98: =H98*I98 -> 6 | L98: =IF(OR(UPPER(K98)="Y",UPPER(K98)="O"),0,J98) -> 6 | M98: Build | N98: PIR, HX711 headers | O98: est. US retail Oct 2026
A99: CB25 | B99: Wiring | C99: Heat-shrink assortment 2:1 | E99: 1 | F99: kit | G99: 1 | H99: =ROUNDUP(E99/G99,0) -> 1 | I99: 8 | J99: =H99*I99 -> 8 | L99: =IF(OR(UPPER(K99)="Y",UPPER(K99)="O"),0,J99) -> 8 | M99: Build | O99: est. US retail Oct 2026
A100: CB26 | B100: Wiring | C100: Adhesive-lined heat-shrink 3:1 | E100: 1 | F100: kit | G100: 1 | H100: =ROUNDUP(E100/G100,0) -> 1 | I100: 9 | J100: =H100*I100 -> 9 | L100: =IF(OR(UPPER(K100)="Y",UPPER(K100)="O"),0,J100) -> 9 | M100: Build | N100: splices outside boxes | O100: est. US retail Oct 2026
...

Sheet Tooling
A1: Tool | B1: Needed for | C1: Est. $ | D1: Have? (Y) | E1: Still to buy $ | F1: Notes
A2: 3D printer, 220+ mm bed (?) | B2: printed parts; trapdoor frame is 218 mm | C2: 0 | E2: =IF(UPPER(D2)="Y",0,C2) -> 0 | F2: assumed owned
A3: Hex keys 2.5 / 3 / 4 mm | B3: M4 + M5 button heads, socket heads | C3: 8 | D3: Y | E3: =IF(UPPER(D3)="Y",0,C3) -> 8
A4: Cordless drill/driver (?) | B4: everything | C4: 0 | E4: =IF(UPPER(D4)="Y",0,C4) -> 0 | F4: assumed owned
A5: Drill bits: 4.5, 5.5, 8 mm + 1/8in pilot (?) | B5: M4/M5 clearance, cable holes, wood screws | C5: 12 | D5: Y | E5: =IF(UPPER(D5)="Y",0,C5) -> 12
A6: Step drill to 25 mm (?) | B6: gland holes 12.5 / 15.5 / 22.5-23 mm in the JB and vision box | C6: 18 | D6: Y | E6: =IF(UPPER(D6)="Y",0,C6) -> 18
A7: Jigsaw (?) | B7: front-panel windows, back-panel gland window, bay-floor chute slot | C7: 0 | E7: =IF(UPPER(D7)="Y",0,C7) -> 0 | F7: or a hole saw + file
A8: Circular saw or store rip cuts (?) | B8: plywood panels | C8: 0 | E8: =IF(UPPER(D8)="Y",0,C8) -> 0 | F8: home centers rip sheets free
A9: Miter saw + non-ferrous blade (?) | B9: 2020 extrusion (31 cuts), 2x2, 1x2 | C9: 30 | E9: =IF(UPPER(D9)="Y",0,C9) -> 30 | F9: blade price; or order the extrusion cut-to-length
A10: Deburring tool / file (?) | B10: extrusion ends, plate holes | C10: 8 | E10: =IF(UPPER(D10)="Y",0,C10) -> 8
A11: Soldering iron + solder + flux (?) | B11: servo headers, splices, LED leads | C11: 0 | E11: =IF(UPPER(D11)="Y",0,C11) -> 0 | F11: assumed owned
A12: Heat gun (?) | B12: heat-shrink, adhesive-lined splices | C12: 20 | E12: =IF(UPPER(D12)="Y",0,C12) -> 20
A13: Wire strippers 16-26 AWG (?) | B13: all cables | C13: 12 | D13: Y | E13: =IF(UPPER(D13)="Y",0,C13) -> 12
A14: Ferrule crimper (?) | B14: screw-terminal ends | C14: 18 | E14: =IF(UPPER(D14)="Y",0,C14) -> 18 | F14: often sold with the ferrule kit
A15: Dupont crimper (?) | B15: only if you crimp your own Dupont ends | C15: 22 | E15: =IF(UPPER(D15)="Y",0,C15) -> 22 | F15: skip with pre-crimped jumpers
A16: Multimeter (?) | B16: bucks, polarity, continuity | C16: 0 | D16: Y | E16: =IF(UPPER(D16)="Y",0,C16) -> 0 | F16: assumed owned
A17: Calipers (?) | B17: measure modules before finalizing (the doc asks for this) | C17: 15 | D17: Y | E17: =IF(UPPER(D17)="Y",0,C17) -> 15
A18: Clamps, square, tape measure | B18: panels, legs | C18: 0 | E18: =IF(UPPER(D18)="Y",0,C18) -> 0 | F18: assumed owned
A19: Paint brush / small roller | B19: plywood | C19: 8 | E19: =IF(UPPER(D19)="Y",0,C19) -> 8
A20: Micro-USB data cable | B20: flashing the ESP32 | C20: 5 | E20: =IF(UPPER(D20)="Y",0,C20) -> 5
A21: microSD reader (?) | B21: reading training photos off the P4's microSD | C21: 8 | E21: =IF(UPPER(D21)="Y",0,C21) -> 8
A23: Total | C23: =SUM(C2:C21) -> 184 | E23: =SUM(E2:E21) -> 184
A24: "?" = not sure you have it or need it. Items at $0 are assumed owned. No tap set needed: nothing in the design is tapped.

Sheet Unmodeled
A1: Item | B1: In the model now? | C1: Needs a model? | D1: What to do
A2: Doser servos x3 (MG996R) | B2: ADDED: CrowBox_FieldModules | C2: done | D2: Placed on the cradles' existing 49.5 x 10 hole pattern, shaft toward the bottle, body hanging outboard.
A3: Signal pod (3 LEDs + buzzer) | B3: ADDED: FieldModules + _SignalPod_print | C3: done | D3: Sits on the bottom plate right of the PIR housing; nose through the PIR slot so the crow sees the LEDs ~45 mm under the reward window. Install before the tray (screw is under it).
A4: Solar charge controller + 8 Ah battery + fuse 1 | B4: ADDED: FieldModules | C4: done | D4: Controller lies flat on the shelf right of the battery; fuse holder on the battery lid.
A5: All cable runs + vision-box glands | B5: ADDED: CrowBox_Wiring_v2 | C5: done | D5: 19 runs, each at its real OD, ending at its gland hole. Replaces CrowBox_CableRoutes_BatteryShelf.
A6: JB gland row | B6: UPDATED: CrowBox_JunctionBox_v2 | C6: done | D6: 3 x PG16 multi-hole + 2 x PG9 in one low row; back panel gets one gland window (Panels_v3).
A7: Doser rotors x3 | B7: no (rotor_60mm.step exists from earlier) | C7: YES | D7: Add on the servo horns and check the pocket sits under the bottle mouth; the earlier rotor predates the MG996R switch.
A8: Gatorade bottles x3 | B8: no (placeholder STEP exists) | C8: YES | D8: Drop into the cradle rings to check bay height and roof clearance.
A9: Corner brackets under the roof top bars x8 | B9: no | C9: YES | D9: Simple; counted in the bracket kit.
A10: Real gate clevises + actuator rear mounts | B10: stand-ins only | C10: YES | D10: Once you pick the rod-end/clevis parts.
A11: Trapdoor hinge / pivot | B11: no | C11: YES | D11: Needed to check the load-cell cable's service loop and the trapdoor swing.
A12: IR beam holders x3 | B12: no (paused) | C12: later | D12: Cable W04 and gland hole G1-UL are reserved.
... A17: Main power switch | B17: no | C17: no | D17: Hole in the JB side wall.
A18: Ground anchors | B18: no | C18: no

Sheet Doc check
A1: Doc item | B1: Qty | C1: In model? | D1: Where / decision | E1: Change vs the doc
A2: ESP32 DevKit V1 + screw-terminal breakout | B2: 1 | C2: inside JB | D2: JB (not modeled by choice)
A3: MCP23017 | B3: 1 | C3: inside JB | D3: JB
A4: L298N | B4: 1 | C4: inside JB | D4: JB | E4: Fine at 3.3 V logic; actuators see ~2 V less than 12 V.
A5: MOSFET driver modules | B5: 2 | C5: inside JB | D5: JB | E5: Use logic-level (AOD4184/D4184) instead of IRF520.
A6: Buck converters with voltmeter | B6: 2 | C6: inside JB | D6: #1 logic 5.1 V; #2 servo rail 6 V | E6: #2 must be >= 5 A.
A7: Notecarrier-A + Notecard | B7: 1 | C7: inside JB | D7: Phase 5; mount on a plastic wall away from the L298N
A8: Main junction box ~300 x 250 x 150 | B8: 1 | C8: Ruilogod 200x120x75 | D8: Back of the box, outside the back panel | E8: Too small. Board footprints ~21,000 mm2 (with spacing) vs 22,400 mm2 floor, before gland space and wiring. Get ~250 x 200 x 100.
A9: Glands on the bottom face | B9: - | C9: back face, low row | D9: Glands pass the back panel into the frame | E9: Back face is inside the panels: no rain reaches it, and cables never run outside.
A10: 12 V LiFePO4 8 Ah | B10: 1 | C10: yes (shelf) | D10: Battery shelf at the bottom back | E10: Own spot (doc's open question). Placeholder updated from 6 Ah to 8 Ah.
A11: Inline fuse 5 A | B11: 1 | C11: yes | D11: Fuse 1 (7.5 A) on the battery lid + fuse 2 (5 A) in the JB | E11: Two fuses: one protects the cable, one is reachable.
A12: WAGO 221 | B12: ~5 | C12: inside JB | E12: ~10 x 221-415 needed.
A13: Main power switch | B13: ? | C13: no | D13: JB side wall | E13: Recommended.
A14: Clear-lid IP65 vision box | B14: 1 | C14: yes | D14: Hangs from the two reward crossbars | E14: Ears drilled to 5.5 mm for M5 T-nuts.
A15: ESP32-P4-NANO / OV5647 camera (was Pi Zero 2 WH / Camera 3 / Coral) | B15: 1 each | C15: no - the fit-check blocks are still the Pi + Coral | D15: Vision box | E15: Replace the Pi + Coral blocks with the P4-NANO (50 x 50) and the OV5647 camera (25 x 24). No Coral; the camera uses its own 15-pin cable.
A16: Vision box cable 4 wires (5 V, GND, TX, RX) | B16: 1 | C16: W08 Cat6 | D16: Cat6, 8 conductors | E16: Carries 12 V + PIR + reward HX711 too; mini buck inside makes 5 V.
A17: Vision box: only one PG7 | B17: - | C17: 3 glands | D17: 2 x PG7 front, 1 x PG9 back | E17: PIR and reward load cell now land in the vision box.
A18: MG996R dosers | B18: 3 | C18: ADDED | D18: On the cradles
A19: MG996R trapdoor | B19: 1 | C19: yes | D19: Pit servo mount
A20: Solenoid deadbolt | B20: 1 | C20: yes | D20: Pit | E20: Add flyback diode.
A21: Linear actuators 50 mm | B21: 2 | C21: yes | D21: Front posts | E21: 50 mm stroke = 44 mm reward window.
A22: Load cells 1 kg | B22: 2 | C22: yes | D22: Reward tray + pit trapdoor | E22: Pit cell rides the trapdoor: 10 cm service loop.
A23: HX711 at each load cell | B23: 2 | C23: no (inside boxes) | D23: #1 in the vision box (99 mm leads); #2 in the JB | E23: Pit run is 1.2 m of shielded 4-core instead of a separate wet-zone box.
A24: PIR facing down into the deposit chamber | B24: 1 | C24: yes | D24: Your PIR housing faces forward out the PIR slot | E24: Model kept as you built it.
A25: IR beam pairs | B25: 3 | C25: paused | D25: Reserved: W04 + gland hole | E25: One shared 6-core instead of 3 cables.
A26: Passive buzzer | B26: 1 | C26: ADDED | D26: Inside the signal pod
A27: Signal LEDs 5 mm | B27: 3 | C27: ADDED | D27: Signal pod, visible through the PIR slot | E27: No front-panel change needed.
A28: 5 V COB strip under the reward floor | B28: 1 | C28: 12 V strip on pit light ring | D28: Pit light ring | E28: 12 V version, switched by MOSFET.
A29: Servo cables need PG9+ for the plug | B29: - | C29: no plugs through glands | D29: Round 3-core through multi-hole PG16 | E29: Servo plugs mate with soldered headers outside the JB.
A30: Solar input (Phase 9) | B30: 0-1 | C30: yes | D30: Roof panel + controller on the shelf | E30: Solar no longer enters the JB.
A31: Reward tray load cell (open question) | B31: - | C31: kept | E31: You confirmed: keep it.

Sheet Model fixes
A1: # | B1: Fix in Fusion | C1: Detail
A2: 1 | B2: Swap in the new files | C2: Delete CrowBox_CableRoutes_BatteryShelf, CrowBox_JunctionBox, CrowBox_Panels_v2. Insert CrowBox_Wiring_v2, CrowBox_FieldModules, CrowBox_JunctionBox_v2, CrowBox_Panels_v3 (all in assembly coordinates).
A3: 2 | B3: Delete 17 duplicate corner brackets | C3: 87 bracket instances sit at 70 positions (2-5 copies at some spots, e.g. 5 at the back-right post Z 280).
A4: 3 | B4: Delete duplicate pit bars | C4: 5537T9 ':13' and ':14' copy the pit's top front/back bars; the two 150 mm verticals inside Object_Pit_v2 sit inside the 170 mm corner verticals.
A5: 4 | B5: Delete the catch-bin placeholder | C5: The unnamed block listed as [0:1:1:171] (X -300..75, Z -409..-153).
A6: 5 | B6: Trim the chute's top tab | C6: Pokes 4.4 mm into the back panel (Y 289.3 vs 284.9).
A7: 6 | B7: Lower the PIR housing + AM312 0.8 mm | C7: Still floats 0.8 mm above the plate.
A8: 7 | B8: Bottom plate thickness | C8: Model 4 mm; order 0.187in (4.75 mm). Extrude the extra 0.75 mm downward; drop the 1 mm shims.
A9: 8 | B9: Gate thickness | C9: Model 4 mm; SCS polycarbonate is 4.5 mm (0.177in).
A10: 9 | B10: Add 8 corner brackets under the roof top bars
A11: 10 | B11: Junction box size | C11: Upsize to ~250 x 200 x 100 and keep the gland row at the same height, or accept a cramped 2-layer build.
A12: 11 | B12: Screw lengths changed | C12: Chute bracket M5x10 (not 12), light ring M5x8 (not 10), perch M5x25 flanged (not 30): the longer ones hit the extrusion core.
A13: 12 | B13: Perch rod | C13: 1-1/4in (31.75 mm) dowel, not a 1-5/16in closet pole.
A14: 13 | B14: Generic 2028 brackets | C14: 2 mm bigger than the modeled McMaster ones: check the bay-floor corner notches (1 mm clearance).
A15: 14 | B15: Reward window height | C15: 50 mm stroke -> 44 mm tall window. 100 mm stroke actuators would open it fully.
A16: 15 | B16: Anchor the box | C16: ~1.9 m tall on 2x2 legs.
A17: 16 | B17: Tiny panel overlaps (ignore) | C17: Left and back panels overlap the posts by 0.026 mm (frame posts are offset 0.074 mm). Not real.
